filename,width,height,class,xmin,ymin,xmax,ymax
03ec5a7567f4188e30a99e7ec32f0373b567409b270a1f74ba83c6d8009a1283.jpg.jpg,1024,1820,1,521,684,537,724
03ec5a7567f4188e30a99e7ec32f0373b567409b270a1f74ba83c6d8009a1283.jpg.jpg,1024,1820,3,546,683,573,722
03ec5a7567f4188e30a99e7ec32f0373b567409b270a1f74ba83c6d8009a1283.jpg.jpg,1024,1820,5,471,731,498,770
03ec5a7567f4188e30a99e7ec32f0373b567409b270a1f74ba83c6d8009a1283.jpg.jpg,1024,1820,9,500,729,527,768
03ec5a7567f4188e30a99e7ec32f0373b567409b270a1f74ba83c6d8009a1283.jpg.jpg,1024,1820,9,530,728,557,767
03ec5a7567f4188e30a99e7ec32f0373b567409b270a1f74ba83c6d8009a1283.jpg.jpg,1024,1820,8,560,726,587,765
03ec5a7567f4188e30a99e7ec32f0373b567409b270a1f74ba83c6d8009a1283.jpg.jpg,1024,1820,4,590,726,617,765
e5c542cf6612fe1393ab18aab8b32d7aa8357e150f2ab8985b92732e486daa48.jpg.jpg,1024,332,3,143,57,246,213
e5c542cf6612fe1393ab18aab8b32d7aa8357e150f2ab8985b92732e486daa48.jpg.jpg,1024,332,8,244,67,350,228
e5c542cf6612fe1393ab18aab8b32d7aa8357e150f2ab8985b92732e486daa48.jpg.jpg,1024,332,8,509,99,615,260
e5c542cf6612fe1393ab18aab8b32d7aa8357e150f2ab8985b92732e486daa48.jpg.jpg,1024,332,8,755,134,861,295
e5c542cf6612fe1393ab18aab8b32d7aa8357e150f2ab8985b92732e486daa48.jpg.jpg,1024,332,6,625,110,743,281
e5c542cf6612fe1393ab18aab8b32d7aa8357e150f2ab8985b92732e486daa48.jpg.jpg,1024,332,5,881,140,996,315
05bc7655e5b64e165a2a110a4c16e4d3abe2486571eef0a84be22f224228a162.jpg.jpg,1024,576,2,510,438,536,476
05bc7655e5b64e165a2a110a4c16e4d3abe2486571eef0a84be22f224228a162.jpg.jpg,1024,576,4,536,439,558,476
05bc7655e5b64e165a2a110a4c16e4d3abe2486571eef0a84be22f224228a162.jpg.jpg,1024,576,4,659,433,681,470
05bc7655e5b64e165a2a110a4c16e4d3abe2486571eef0a84be22f224228a162.jpg.jpg,1024,576,-,558,450,572,464
05bc7655e5b64e165a2a110a4c16e4d3abe2486571eef0a84be22f224228a162.jpg.jpg,1024,576,7,571,438,592,473
05bc7655e5b64e165a2a110a4c16e4d3abe2486571eef0a84be22f224228a162.jpg.jpg,1024,576,3,593,438,617,472
05bc7655e5b64e165a2a110a4c16e4d3abe2486571eef0a84be22f224228a162.jpg.jpg,1024,576,4,616,436,637,472
05bc7655e5b64e165a2a110a4c16e4d3abe2486571eef0a84be22f224228a162.jpg.jpg,1024,576,6,636,435,658,470
07b3cd8dc049a1e4bb05354c34518b30acaded0cb1d50dc27ff15064e8773895.jpg.jpg,1024,998,4,258,422,319,539
07b3cd8dc049a1e4bb05354c34518b30acaded0cb1d50dc27ff15064e8773895.jpg.jpg,1024,998,2,318,424,375,541
07b3cd8dc049a1e4bb05354c34518b30acaded0cb1d50dc27ff15064e8773895.jpg.jpg,1024,998,-,405,468,469,506
07b3cd8dc049a1e4bb05354c34518b30acaded0cb1d50dc27ff15064e8773895.jpg.jpg,1024,998,7,566,429,624,543
07b3cd8dc049a1e4bb05354c34518b30acaded0cb1d50dc27ff15064e8773895.jpg.jpg,1024,998,9,624,431,674,537
07b3cd8dc049a1e4bb05354c34518b30acaded0cb1d50dc27ff15064e8773895.jpg.jpg,1024,998,5,676,427,731,538
07b3cd8dc049a1e4bb05354c34518b30acaded0cb1d50dc27ff15064e8773895.jpg.jpg,1024,998,7,731,429,788,539
08dc330bcdf400d383c766196507bf5ec85b80405022f562abbe9791bde540d3.jpg.jpg,1024,683,2,429,499,457,541
08dc330bcdf400d383c766196507bf5ec85b80405022f562abbe9791bde540d3.jpg.jpg,1024,683,2,456,498,484,540
08dc330bcdf400d383c766196507bf5ec85b80405022f562abbe9791bde540d3.jpg.jpg,1024,683,-,486,514,501,524
08dc330bcdf400d383c766196507bf5ec85b80405022f562abbe9791bde540d3.jpg.jpg,1024,683,3,499,498,525,538
08dc330bcdf400d383c766196507bf5ec85b80405022f562abbe9791bde540d3.jpg.jpg,1024,683,9,528,497,553,539
08dc330bcdf400d383c766196507bf5ec85b80405022f562abbe9791bde540d3.jpg.jpg,1024,683,9,583,497,608,539
08dc330bcdf400d383c766196507bf5ec85b80405022f562abbe9791bde540d3.jpg.jpg,1024,683,0,556,496,581,538
08dc330bcdf400d383c766196507bf5ec85b80405022f562abbe9791bde540d3.jpg.jpg,1024,683,5,612,495,637,537
0a511468fbccad5359f41e80a81b752e97a1de0d0567ebb93bd45b3a0e042f19.jpg.jpg,1024,683,2,515,489,539,521
0a511468fbccad5359f41e80a81b752e97a1de0d0567ebb93bd45b3a0e042f19.jpg.jpg,1024,683,2,542,488,564,520
0a511468fbccad5359f41e80a81b752e97a1de0d0567ebb93bd45b3a0e042f19.jpg.jpg,1024,683,3,480,526,502,555
0a511468fbccad5359f41e80a81b752e97a1de0d0567ebb93bd45b3a0e042f19.jpg.jpg,1024,683,9,505,525,527,556
0a511468fbccad5359f41e80a81b752e97a1de0d0567ebb93bd45b3a0e042f19.jpg.jpg,1024,683,0,530,524,552,555
0a511468fbccad5359f41e80a81b752e97a1de0d0567ebb93bd45b3a0e042f19.jpg.jpg,1024,683,9,555,524,576,554
0a511468fbccad5359f41e80a81b752e97a1de0d0567ebb93bd45b3a0e042f19.jpg.jpg,1024,683,5,581,523,601,555
0c671e89c1c711bea7e82d32400170c94a482cb75f5dc975739171ac7b1fb61b.jpg.jpg,1024,1365,4,324,115,501,372
0c671e89c1c711bea7e82d32400170c94a482cb75f5dc975739171ac7b1fb61b.jpg.jpg,1024,1365,4,525,118,715,367
0c671e89c1c711bea7e82d32400170c94a482cb75f5dc975739171ac7b1fb61b.jpg.jpg,1024,1365,5,146,373,314,549
0c671e89c1c711bea7e82d32400170c94a482cb75f5dc975739171ac7b1fb61b.jpg.jpg,1024,1365,9,324,386,475,550
0c671e89c1c711bea7e82d32400170c94a482cb75f5dc975739171ac7b1fb61b.jpg.jpg,1024,1365,6,499,385,648,547
0c671e89c1c711bea7e82d32400170c94a482cb75f5dc975739171ac7b1fb61b.jpg.jpg,1024,1365,5,653,376,825,544
0dbcfd8401a3baa304f0a039f9c93c7d9a74054ad7620ab5a0ffc9774b4715e2.jpg.jpg,1024,936,7,419,732,444,777
0dbcfd8401a3baa304f0a039f9c93c7d9a74054ad7620ab5a0ffc9774b4715e2.jpg.jpg,1024,936,0,447,734,476,774
0dbcfd8401a3baa304f0a039f9c93c7d9a74054ad7620ab5a0ffc9774b4715e2.jpg.jpg,1024,936,-,477,743,488,762
0dbcfd8401a3baa304f0a039f9c93c7d9a74054ad7620ab5a0ffc9774b4715e2.jpg.jpg,1024,936,3,488,732,515,771
0dbcfd8401a3baa304f0a039f9c93c7d9a74054ad7620ab5a0ffc9774b4715e2.jpg.jpg,1024,936,8,516,729,543,768
0dbcfd8401a3baa304f0a039f9c93c7d9a74054ad7620ab5a0ffc9774b4715e2.jpg.jpg,1024,936,9,544,726,571,767
0dbcfd8401a3baa304f0a039f9c93c7d9a74054ad7620ab5a0ffc9774b4715e2.jpg.jpg,1024,936,8,571,724,598,766
0dbcfd8401a3baa304f0a039f9c93c7d9a74054ad7620ab5a0ffc9774b4715e2.jpg.jpg,1024,936,0,599,722,625,763
0e570333080ade7428c7ddab1d9c826d1cd9cce0d63dea26b8496fbc29022fa7.jpg.jpg,1024,1330,3,527,1079,551,1114
0e570333080ade7428c7ddab1d9c826d1cd9cce0d63dea26b8496fbc29022fa7.jpg.jpg,1024,1330,6,554,1079,578,1114
0e570333080ade7428c7ddab1d9c826d1cd9cce0d63dea26b8496fbc29022fa7.jpg.jpg,1024,1330,-,579,1087,591,1101
0e570333080ade7428c7ddab1d9c826d1cd9cce0d63dea26b8496fbc29022fa7.jpg.jpg,1024,1330,1,595,1075,610,1112
0e570333080ade7428c7ddab1d9c826d1cd9cce0d63dea26b8496fbc29022fa7.jpg.jpg,1024,1330,4,615,1074,639,1111
0e570333080ade7428c7ddab1d9c826d1cd9cce0d63dea26b8496fbc29022fa7.jpg.jpg,1024,1330,5,641,1074,664,1110
0e570333080ade7428c7ddab1d9c826d1cd9cce0d63dea26b8496fbc29022fa7.jpg.jpg,1024,1330,4,665,1072,687,1108
0e570333080ade7428c7ddab1d9c826d1cd9cce0d63dea26b8496fbc29022fa7.jpg.jpg,1024,1330,0,688,1069,712,1105
0f593e43a31b4e634619b6b2d3a7fe352b90ba849aa726821f43187154149bf3.jpg.jpg,1024,2137,2,100,863,128,915
0f593e43a31b4e634619b6b2d3a7fe352b90ba849aa726821f43187154149bf3.jpg.jpg,1024,2137,e,128,869,156,919
0f593e43a31b4e634619b6b2d3a7fe352b90ba849aa726821f43187154149bf3.jpg.jpg,1024,2137,-,157,885,168,903
0f593e43a31b4e634619b6b2d3a7fe352b90ba849aa726821f43187154149bf3.jpg.jpg,1024,2137,8,170,873,198,925
0f593e43a31b4e634619b6b2d3a7fe352b90ba849aa726821f43187154149bf3.jpg.jpg,1024,2137,1,203,874,222,928
0f593e43a31b4e634619b6b2d3a7fe352b90ba849aa726821f43187154149bf3.jpg.jpg,1024,2137,9,229,880,258,936
0f593e43a31b4e634619b6b2d3a7fe352b90ba849aa726821f43187154149bf3.jpg.jpg,1024,2137,9,259,882,290,940
0f593e43a31b4e634619b6b2d3a7fe352b90ba849aa726821f43187154149bf3.jpg.jpg,1024,2137,3,290,890,321,943
10b2fd5f46e0d2fbeb473cd65b97a53b2c127c756a5e6dcd93177acd3716da36.jpg.jpg,1024,1365,3,427,887,449,924
10b2fd5f46e0d2fbeb473cd65b97a53b2c127c756a5e6dcd93177acd3716da36.jpg.jpg,1024,1365,7,451,887,476,924
10b2fd5f46e0d2fbeb473cd65b97a53b2c127c756a5e6dcd93177acd3716da36.jpg.jpg,1024,1365,-,479,901,490,913
10b2fd5f46e0d2fbeb473cd65b97a53b2c127c756a5e6dcd93177acd3716da36.jpg.jpg,1024,1365,2,492,888,517,925
10b2fd5f46e0d2fbeb473cd65b97a53b2c127c756a5e6dcd93177acd3716da36.jpg.jpg,1024,1365,4,574,889,596,928
10b2fd5f46e0d2fbeb473cd65b97a53b2c127c756a5e6dcd93177acd3716da36.jpg.jpg,1024,1365,8,600,889,624,927
10b2fd5f46e0d2fbeb473cd65b97a53b2c127c756a5e6dcd93177acd3716da36.jpg.jpg,1024,1365,7,518,890,543,927
10b2fd5f46e0d2fbeb473cd65b97a53b2c127c756a5e6dcd93177acd3716da36.jpg.jpg,1024,1365,7,543,889,568,926
12af3483e4b82ebc5507f7034ac8dc6f82226c92c25c4c8f2c064c410b5a40d4.jpg.jpg,1024,768,2,511,348,525,366
12af3483e4b82ebc5507f7034ac8dc6f82226c92c25c4c8f2c064c410b5a40d4.jpg.jpg,1024,768,3,527,348,539,366
12af3483e4b82ebc5507f7034ac8dc6f82226c92c25c4c8f2c064c410b5a40d4.jpg.jpg,1024,768,4,492,369,503,387
12af3483e4b82ebc5507f7034ac8dc6f82226c92c25c4c8f2c064c410b5a40d4.jpg.jpg,1024,768,5,505,369,518,387
12af3483e4b82ebc5507f7034ac8dc6f82226c92c25c4c8f2c064c410b5a40d4.jpg.jpg,1024,768,5,520,368,532,388
12af3483e4b82ebc5507f7034ac8dc6f82226c92c25c4c8f2c064c410b5a40d4.jpg.jpg,1024,768,5,549,368,561,388
12af3483e4b82ebc5507f7034ac8dc6f82226c92c25c4c8f2c064c410b5a40d4.jpg.jpg,1024,768,0,534,368,547,388
14e5d3850c6eec195d5fba5bc1e2232369c46c4e0bdcd813e743858fafd31670.jpg.jpg,1024,768,1,302,394,345,467
14e5d3850c6eec195d5fba5bc1e2232369c46c4e0bdcd813e743858fafd31670.jpg.jpg,1024,768,0,355,396,432,469
14e5d3850c6eec195d5fba5bc1e2232369c46c4e0bdcd813e743858fafd31670.jpg.jpg,1024,768,-,431,425,460,447
14e5d3850c6eec195d5fba5bc1e2232369c46c4e0bdcd813e743858fafd31670.jpg.jpg,1024,768,9,460,394,526,470
14e5d3850c6eec195d5fba5bc1e2232369c46c4e0bdcd813e743858fafd31670.jpg.jpg,1024,768,4,532,396,595,468
14e5d3850c6eec195d5fba5bc1e2232369c46c4e0bdcd813e743858fafd31670.jpg.jpg,1024,768,4,672,390,735,462
14e5d3850c6eec195d5fba5bc1e2232369c46c4e0bdcd813e743858fafd31670.jpg.jpg,1024,768,6,603,392,664,465
14e5d3850c6eec195d5fba5bc1e2232369c46c4e0bdcd813e743858fafd31670.jpg.jpg,1024,768,6,739,382,811,458
14f731502c16c19728c802e3811a7af97f638bb2ef8db5190c42751f2ded3f96.jpg.jpg,1024,958,7,826,743,840,780
14f731502c16c19728c802e3811a7af97f638bb2ef8db5190c42751f2ded3f96.jpg.jpg,1024,958,0,844,743,860,776
14f731502c16c19728c802e3811a7af97f638bb2ef8db5190c42751f2ded3f96.jpg.jpg,1024,958,-,861,751,869,760
14f731502c16c19728c802e3811a7af97f638bb2ef8db5190c42751f2ded3f96.jpg.jpg,1024,958,3,872,739,887,771
14f731502c16c19728c802e3811a7af97f638bb2ef8db5190c42751f2ded3f96.jpg.jpg,1024,958,8,887,734,901,766
14f731502c16c19728c802e3811a7af97f638bb2ef8db5190c42751f2ded3f96.jpg.jpg,1024,958,3,904,730,920,763
14f731502c16c19728c802e3811a7af97f638bb2ef8db5190c42751f2ded3f96.jpg.jpg,1024,958,0,920,727,934,759
14f731502c16c19728c802e3811a7af97f638bb2ef8db5190c42751f2ded3f96.jpg.jpg,1024,958,5,936,723,951,757
1b4bc22253ee39912208e2666c718e2ee605d1303c7182e6d6f4a349a986ca89.jpg.jpg,1024,1365,4,172,945,186,974
1b4bc22253ee39912208e2666c718e2ee605d1303c7182e6d6f4a349a986ca89.jpg.jpg,1024,1365,5,187,950,201,977
1b4bc22253ee39912208e2666c718e2ee605d1303c7182e6d6f4a349a986ca89.jpg.jpg,1024,1365,-,202,956,210,965
1b4bc22253ee39912208e2666c718e2ee605d1303c7182e6d6f4a349a986ca89.jpg.jpg,1024,1365,6,210,954,226,980
1b4bc22253ee39912208e2666c718e2ee605d1303c7182e6d6f4a349a986ca89.jpg.jpg,1024,1365,1,229,955,240,983
1b4bc22253ee39912208e2666c718e2ee605d1303c7182e6d6f4a349a986ca89.jpg.jpg,1024,1365,7,245,960,257,987
1b4bc22253ee39912208e2666c718e2ee605d1303c7182e6d6f4a349a986ca89.jpg.jpg,1024,1365,3,260,964,276,991
1b4bc22253ee39912208e2666c718e2ee605d1303c7182e6d6f4a349a986ca89.jpg.jpg,1024,1365,7,281,968,292,994
1bcf41eb61aed205a395ecce088ae07240afb331866c8f2fcf3385b5a3df7522.jpg.jpg,1024,1365,1,476,492,492,525
1bcf41eb61aed205a395ecce088ae07240afb331866c8f2fcf3385b5a3df7522.jpg.jpg,1024,1365,6,496,493,521,523
1bcf41eb61aed205a395ecce088ae07240afb331866c8f2fcf3385b5a3df7522.jpg.jpg,1024,1365,8,438,523,464,553
1bcf41eb61aed205a395ecce088ae07240afb331866c8f2fcf3385b5a3df7522.jpg.jpg,1024,1365,9,463,524,485,554
1bcf41eb61aed205a395ecce088ae07240afb331866c8f2fcf3385b5a3df7522.jpg.jpg,1024,1365,0,486,525,508,555
1bcf41eb61aed205a395ecce088ae07240afb331866c8f2fcf3385b5a3df7522.jpg.jpg,1024,1365,1,513,525,526,556
1bcf41eb61aed205a395ecce088ae07240afb331866c8f2fcf3385b5a3df7522.jpg.jpg,1024,1365,8,530,526,551,556
1d22b8e90f0c8f6a5cdc77492bb3ae9eaa740e57155a68152ed3af99836421c8.jpg.jpg,1024,768,2,117,501,132,528
1d22b8e90f0c8f6a5cdc77492bb3ae9eaa740e57155a68152ed3af99836421c8.jpg.jpg,1024,768,4,129,509,141,535
1d22b8e90f0c8f6a5cdc77492bb3ae9eaa740e57155a68152ed3af99836421c8.jpg.jpg,1024,768,7,108,518,121,542
1d22b8e90f0c8f6a5cdc77492bb3ae9eaa740e57155a68152ed3af99836421c8.jpg.jpg,1024,768,4,121,527,131,550
1d22b8e90f0c8f6a5cdc77492bb3ae9eaa740e57155a68152ed3af99836421c8.jpg.jpg,1024,768,0,129,531,142,557
1d22b8e90f0c8f6a5cdc77492bb3ae9eaa740e57155a68152ed3af99836421c8.jpg.jpg,1024,768,1,140,538,150,563
1d22b8e90f0c8f6a5cdc77492bb3ae9eaa740e57155a68152ed3af99836421c8.jpg.jpg,1024,768,0,150,544,163,573
1db2e279e83e94945ba2aad0f26baf5cb7b366fb512d3aced219735a265a9b2f.jpg.jpg,1024,768,2,675,260,704,293
1db2e279e83e94945ba2aad0f26baf5cb7b366fb512d3aced219735a265a9b2f.jpg.jpg,1024,768,2,693,247,722,280
1db2e279e83e94945ba2aad0f26baf5cb7b366fb512d3aced219735a265a9b2f.jpg.jpg,1024,768,2,704,281,733,314
1db2e279e83e94945ba2aad0f26baf5cb7b366fb512d3aced219735a265a9b2f.jpg.jpg,1024,768,1,671,309,697,338
1db2e279e83e94945ba2aad0f26baf5cb7b366fb512d3aced219735a265a9b2f.jpg.jpg,1024,768,6,689,296,716,324
1db2e279e83e94945ba2aad0f26baf5cb7b366fb512d3aced219735a265a9b2f.jpg.jpg,1024,768,7,735,255,764,281
1db2e279e83e94945ba2aad0f26baf5cb7b366fb512d3aced219735a265a9b2f.jpg.jpg,1024,768,1,721,270,747,299
1ea0a92ee42db34e8155bbd279367886ec364d4160590e4363c02c8e15920e43.jpg.jpg,560,400,4,442,86,466,123
1ea0a92ee42db34e8155bbd279367886ec364d4160590e4363c02c8e15920e43.jpg.jpg,560,400,4,467,79,484,115
1ea0a92ee42db34e8155bbd279367886ec364d4160590e4363c02c8e15920e43.jpg.jpg,560,400,4,524,56,541,92
1ea0a92ee42db34e8155bbd279367886ec364d4160590e4363c02c8e15920e43.jpg.jpg,560,400,1,494,70,511,106
1ea0a92ee42db34e8155bbd279367886ec364d4160590e4363c02c8e15920e43.jpg.jpg,560,400,1,511,64,528,100
1ea0a92ee42db34e8155bbd279367886ec364d4160590e4363c02c8e15920e43.jpg.jpg,560,400,-,484,84,494,99
1ebd669c35efdf9eecf2218dda061dacd39fd83b8e955a2c82838dbbad97a958.png.jpg,1024,1820,8,144,751,247,907
1ebd669c35efdf9eecf2218dda061dacd39fd83b8e955a2c82838dbbad97a958.png.jpg,1024,1820,8,877,781,980,937
1ebd669c35efdf9eecf2218dda061dacd39fd83b8e955a2c82838dbbad97a958.png.jpg,1024,1820,8,756,779,859,935
1ebd669c35efdf9eecf2218dda061dacd39fd83b8e955a2c82838dbbad97a958.png.jpg,1024,1820,0,632,769,757,932
1ebd669c35efdf9eecf2218dda061dacd39fd83b8e955a2c82838dbbad97a958.png.jpg,1024,1820,0,251,754,358,912
1ebd669c35efdf9eecf2218dda061dacd39fd83b8e955a2c82838dbbad97a958.png.jpg,1024,1820,-,363,809,408,872
1ebd669c35efdf9eecf2218dda061dacd39fd83b8e955a2c82838dbbad97a958.png.jpg,1024,1820,4,522,761,635,923
2abc8650f706fbff787c031a133fdcf9246e237076b02855a69074b62201dc4b.jpg.jpg,1024,1365,2,712,939,759,968
2abc8650f706fbff787c031a133fdcf9246e237076b02855a69074b62201dc4b.jpg.jpg,1024,1365,0,695,921,737,950
2abc8650f706fbff787c031a133fdcf9246e237076b02855a69074b62201dc4b.jpg.jpg,1024,1365,4,679,907,720,930
2abc8650f706fbff787c031a133fdcf9246e237076b02855a69074b62201dc4b.jpg.jpg,1024,1365,3,659,885,703,913
2abc8650f706fbff787c031a133fdcf9246e237076b02855a69074b62201dc4b.jpg.jpg,1024,1365,4,644,869,681,895
2abc8650f706fbff787c031a133fdcf9246e237076b02855a69074b62201dc4b.jpg.jpg,1024,1365,-,641,861,660,872
2abc8650f706fbff787c031a133fdcf9246e237076b02855a69074b62201dc4b.jpg.jpg,1024,1365,0,611,836,656,868
2abc8650f706fbff787c031a133fdcf9246e237076b02855a69074b62201dc4b.jpg.jpg,1024,1365,7,590,816,639,843
2b4867e4630af7857f32a0b57f9468f95b3ac1f9f857022900b716f1d8746ea6.jpg.jpg,1024,768,1,236,363,245,397
2b4867e4630af7857f32a0b57f9468f95b3ac1f9f857022900b716f1d8746ea6.jpg.jpg,1024,768,1,168,348,177,382
2b4867e4630af7857f32a0b57f9468f95b3ac1f9f857022900b716f1d8746ea6.jpg.jpg,1024,768,1,156,345,165,379
2b4867e4630af7857f32a0b57f9468f95b3ac1f9f857022900b716f1d8746ea6.jpg.jpg,1024,768,1,197,353,206,387
2b4867e4630af7857f32a0b57f9468f95b3ac1f9f857022900b716f1d8746ea6.jpg.jpg,1024,768,8,207,357,221,392
2b4867e4630af7857f32a0b57f9468f95b3ac1f9f857022900b716f1d8746ea6.jpg.jpg,1024,768,8,183,352,197,387
2b4867e4630af7857f32a0b57f9468f95b3ac1f9f857022900b716f1d8746ea6.jpg.jpg,1024,768,7,221,361,234,394
2b4867e4630af7857f32a0b57f9468f95b3ac1f9f857022900b716f1d8746ea6.jpg.jpg,1024,768,-,176,361,182,370
2be5a702972c06e224701094ad012e95e4c648810dae271adda0dd27dcce30e9.jpg.jpg,1024,768,5,484,264,523,325
2be5a702972c06e224701094ad012e95e4c648810dae271adda0dd27dcce30e9.jpg.jpg,1024,768,5,543,265,582,326
2be5a702972c06e224701094ad012e95e4c648810dae271adda0dd27dcce30e9.jpg.jpg,1024,768,9,585,269,621,326
2be5a702972c06e224701094ad012e95e4c648810dae271adda0dd27dcce30e9.jpg.jpg,1024,768,9,705,274,741,331
2be5a702972c06e224701094ad012e95e4c648810dae271adda0dd27dcce30e9.jpg.jpg,1024,768,1,674,269,692,331
2be5a702972c06e224701094ad012e95e4c648810dae271adda0dd27dcce30e9.jpg.jpg,1024,768,1,454,261,472,323
2be5a702972c06e224701094ad012e95e4c648810dae271adda0dd27dcce30e9.jpg.jpg,1024,768,7,626,268,665,330
2be5a702972c06e224701094ad012e95e4c648810dae271adda0dd27dcce30e9.jpg.jpg,1024,768,-,524,287,541,303
2ca113a727c9ecf6fd6c1acb87f2e263b65c03ef34444ae40ecbdb74af5fc59d.jpg.jpg,1024,768,1,717,351,727,384
2ca113a727c9ecf6fd6c1acb87f2e263b65c03ef34444ae40ecbdb74af5fc59d.jpg.jpg,1024,768,5,732,349,753,382
2ca113a727c9ecf6fd6c1acb87f2e263b65c03ef34444ae40ecbdb74af5fc59d.jpg.jpg,1024,768,-,752,360,761,370
2ca113a727c9ecf6fd6c1acb87f2e263b65c03ef34444ae40ecbdb74af5fc59d.jpg.jpg,1024,768,8,760,347,781,380
2ca113a727c9ecf6fd6c1acb87f2e263b65c03ef34444ae40ecbdb74af5fc59d.jpg.jpg,1024,768,3,780,345,800,378
2ca113a727c9ecf6fd6c1acb87f2e263b65c03ef34444ae40ecbdb74af5fc59d.jpg.jpg,1024,768,7,798,345,816,378
2ca113a727c9ecf6fd6c1acb87f2e263b65c03ef34444ae40ecbdb74af5fc59d.jpg.jpg,1024,768,3,816,342,837,376
2ca113a727c9ecf6fd6c1acb87f2e263b65c03ef34444ae40ecbdb74af5fc59d.jpg.jpg,1024,768,4,837,341,853,375
2d15e79d264c8815d394936f6d95f758a2e55dee840e7c22e142c3b723c520b6.jpg.jpg,1024,1821,1,272,765,329,910
2d15e79d264c8815d394936f6d95f758a2e55dee840e7c22e142c3b723c520b6.jpg.jpg,1024,1821,1,376,775,408,911
2d15e79d264c8815d394936f6d95f758a2e55dee840e7c22e142c3b723c520b6.jpg.jpg,1024,1821,-,417,824,458,854
2d15e79d264c8815d394936f6d95f758a2e55dee840e7c22e142c3b723c520b6.jpg.jpg,1024,1821,5,543,784,628,911
2d15e79d264c8815d394936f6d95f758a2e55dee840e7c22e142c3b723c520b6.jpg.jpg,1024,1821,4,630,786,720,915
2d15e79d264c8815d394936f6d95f758a2e55dee840e7c22e142c3b723c520b6.jpg.jpg,1024,1821,4,722,790,812,919
2d15e79d264c8815d394936f6d95f758a2e55dee840e7c22e142c3b723c520b6.jpg.jpg,1024,1821,0,814,782,901,912
2d2a03a1c1b3847a330228c246e72b51128ae4590617a74499e9a29318a33527.jpg.jpg,1024,305,2,105,82,206,221
2d2a03a1c1b3847a330228c246e72b51128ae4590617a74499e9a29318a33527.jpg.jpg,1024,305,1,208,83,284,221
2d2a03a1c1b3847a330228c246e72b51128ae4590617a74499e9a29318a33527.jpg.jpg,1024,305,1,728,80,804,218
2d2a03a1c1b3847a330228c246e72b51128ae4590617a74499e9a29318a33527.jpg.jpg,1024,305,4,346,93,442,219
2d2a03a1c1b3847a330228c246e72b51128ae4590617a74499e9a29318a33527.jpg.jpg,1024,305,4,440,90,536,216
2d2a03a1c1b3847a330228c246e72b51128ae4590617a74499e9a29318a33527.jpg.jpg,1024,305,3,535,88,630,218
2d2a03a1c1b3847a330228c246e72b51128ae4590617a74499e9a29318a33527.jpg.jpg,1024,305,3,628,87,723,217
2d2a03a1c1b3847a330228c246e72b51128ae4590617a74499e9a29318a33527.jpg.jpg,1024,305,-,288,135,346,174
2da178df9479b5ee09ec04f40792edf119ae875b49af1e6f6e6c3f2ae38e9f6b.jpg.jpg,1024,1068,7,472,889,500,935
2da178df9479b5ee09ec04f40792edf119ae875b49af1e6f6e6c3f2ae38e9f6b.jpg.jpg,1024,1068,0,503,892,531,930
2da178df9479b5ee09ec04f40792edf119ae875b49af1e6f6e6c3f2ae38e9f6b.jpg.jpg,1024,1068,-,532,906,544,916
2da178df9479b5ee09ec04f40792edf119ae875b49af1e6f6e6c3f2ae38e9f6b.jpg.jpg,1024,1068,3,546,890,573,929
2da178df9479b5ee09ec04f40792edf119ae875b49af1e6f6e6c3f2ae38e9f6b.jpg.jpg,1024,1068,8,576,889,603,929
2da178df9479b5ee09ec04f40792edf119ae875b49af1e6f6e6c3f2ae38e9f6b.jpg.jpg,1024,1068,8,663,885,690,925
2da178df9479b5ee09ec04f40792edf119ae875b49af1e6f6e6c3f2ae38e9f6b.jpg.jpg,1024,1068,9,605,888,631,928
2da178df9479b5ee09ec04f40792edf119ae875b49af1e6f6e6c3f2ae38e9f6b.jpg.jpg,1024,1068,9,634,885,660,925
2e6f8a35261f852ed46ae7e5ffe0bd5658c77924e06df019980f5d134479d675.jpg.jpg,1024,1818,6,654,1056,676,1092
2e6f8a35261f852ed46ae7e5ffe0bd5658c77924e06df019980f5d134479d675.jpg.jpg,1024,1818,0,677,1056,696,1090
2e6f8a35261f852ed46ae7e5ffe0bd5658c77924e06df019980f5d134479d675.jpg.jpg,1024,1818,2,706,1056,725,1090
2e6f8a35261f852ed46ae7e5ffe0bd5658c77924e06df019980f5d134479d675.jpg.jpg,1024,1818,0,725,1054,744,1088
2e6f8a35261f852ed46ae7e5ffe0bd5658c77924e06df019980f5d134479d675.jpg.jpg,1024,1818,3,744,1054,763,1088
2e6f8a35261f852ed46ae7e5ffe0bd5658c77924e06df019980f5d134479d675.jpg.jpg,1024,1818,9,763,1053,782,1087
2e6f8a35261f852ed46ae7e5ffe0bd5658c77924e06df019980f5d134479d675.jpg.jpg,1024,1818,4,782,1053,801,1087
2e6f8a35261f852ed46ae7e5ffe0bd5658c77924e06df019980f5d134479d675.jpg.jpg,1024,1818,-,696,1066,706,1078
2ea0ed14a1e9ca606fc6c35413a93c727385ad58bd4693844c7980a54646afcd.jpg.jpg,1024,1365,7,441,639,471,687
2ea0ed14a1e9ca606fc6c35413a93c727385ad58bd4693844c7980a54646afcd.jpg.jpg,1024,1365,7,553,636,583,684
2ea0ed14a1e9ca606fc6c35413a93c727385ad58bd4693844c7980a54646afcd.jpg.jpg,1024,1365,7,647,633,677,681
2ea0ed14a1e9ca606fc6c35413a93c727385ad58bd4693844c7980a54646afcd.jpg.jpg,1024,1365,1,622,635,638,682
2ea0ed14a1e9ca606fc6c35413a93c727385ad58bd4693844c7980a54646afcd.jpg.jpg,1024,1365,4,586,635,615,682
2ea0ed14a1e9ca606fc6c35413a93c727385ad58bd4693844c7980a54646afcd.jpg.jpg,1024,1365,3,521,639,551,684
2ea0ed14a1e9ca606fc6c35413a93c727385ad58bd4693844c7980a54646afcd.jpg.jpg,1024,1365,-,506,654,520,666
2ea841c25cc0b594e21a4c64bffc979d405afcd91686fdb1501d97bc7d36f659.jpg.jpg,1024,1365,7,484,763,509,806
2ea841c25cc0b594e21a4c64bffc979d405afcd91686fdb1501d97bc7d36f659.jpg.jpg,1024,1365,0,512,767,538,804
2ea841c25cc0b594e21a4c64bffc979d405afcd91686fdb1501d97bc7d36f659.jpg.jpg,1024,1365,-,540,781,552,793
2ea841c25cc0b594e21a4c64bffc979d405afcd91686fdb1501d97bc7d36f659.jpg.jpg,1024,1365,3,554,768,579,806
2ea841c25cc0b594e21a4c64bffc979d405afcd91686fdb1501d97bc7d36f659.jpg.jpg,1024,1365,5,583,768,608,809
2ea841c25cc0b594e21a4c64bffc979d405afcd91686fdb1501d97bc7d36f659.jpg.jpg,1024,1365,1,617,770,633,811
2ea841c25cc0b594e21a4c64bffc979d405afcd91686fdb1501d97bc7d36f659.jpg.jpg,1024,1365,6,640,772,666,810
2ea841c25cc0b594e21a4c64bffc979d405afcd91686fdb1501d97bc7d36f659.jpg.jpg,1024,1365,8,667,773,691,809
2f330a25b2de297e45c048d9abc8cdc3ddc342bdcbc57884b7b0b7c4e454d231.jpg.jpg,1024,1365,4,160,701,183,744
2f330a25b2de297e45c048d9abc8cdc3ddc342bdcbc57884b7b0b7c4e454d231.jpg.jpg,1024,1365,0,184,703,202,752
2f330a25b2de297e45c048d9abc8cdc3ddc342bdcbc57884b7b0b7c4e454d231.jpg.jpg,1024,1365,-,203,724,214,739
2f330a25b2de297e45c048d9abc8cdc3ddc342bdcbc57884b7b0b7c4e454d231.jpg.jpg,1024,1365,5,215,712,235,762
2f330a25b2de297e45c048d9abc8cdc3ddc342bdcbc57884b7b0b7c4e454d231.jpg.jpg,1024,1365,6,236,719,257,769
2f330a25b2de297e45c048d9abc8cdc3ddc342bdcbc57884b7b0b7c4e454d231.jpg.jpg,1024,1365,7,260,726,282,778
2f330a25b2de297e45c048d9abc8cdc3ddc342bdcbc57884b7b0b7c4e454d231.jpg.jpg,1024,1365,6,283,733,305,784
2f330a25b2de297e45c048d9abc8cdc3ddc342bdcbc57884b7b0b7c4e454d231.jpg.jpg,1024,1365,7,309,738,333,792
2fc35750f8ba1581b31ea644be47713d65df8240252c4254c7313f607192793b.jpg.jpg,1024,768,1,238,497,244,522
2fc35750f8ba1581b31ea644be47713d65df8240252c4254c7313f607192793b.jpg.jpg,1024,768,9,246,500,254,523
2fc35750f8ba1581b31ea644be47713d65df8240252c4254c7313f607192793b.jpg.jpg,1024,768,9,260,503,268,526
2fc35750f8ba1581b31ea644be47713d65df8240252c4254c7313f607192793b.jpg.jpg,1024,768,-,254,509,259,515
2fc35750f8ba1581b31ea644be47713d65df8240252c4254c7313f607192793b.jpg.jpg,1024,768,5,268,504,278,529
2fc35750f8ba1581b31ea644be47713d65df8240252c4254c7313f607192793b.jpg.jpg,1024,768,0,278,506,288,531
2fc35750f8ba1581b31ea644be47713d65df8240252c4254c7313f607192793b.jpg.jpg,1024,768,0,298,511,308,536
2fc35750f8ba1581b31ea644be47713d65df8240252c4254c7313f607192793b.jpg.jpg,1024,768,7,288,508,297,533
3a22097aaa5bbc2bdaea17324d26435bd0254917ac55ddb686fb87a7c67a61c9.jpg.jpg,1024,1781,1,128,955,142,992
3a22097aaa5bbc2bdaea17324d26435bd0254917ac55ddb686fb87a7c67a61c9.jpg.jpg,1024,1781,1,278,977,292,1014
3a22097aaa5bbc2bdaea17324d26435bd0254917ac55ddb686fb87a7c67a61c9.jpg.jpg,1024,1781,9,179,966,199,1003
3a22097aaa5bbc2bdaea17324d26435bd0254917ac55ddb686fb87a7c67a61c9.jpg.jpg,1024,1781,9,201,969,221,1006
3a22097aaa5bbc2bdaea17324d26435bd0254917ac55ddb686fb87a7c67a61c9.jpg.jpg,1024,1781,6,145,958,167,997
3a22097aaa5bbc2bdaea17324d26435bd0254917ac55ddb686fb87a7c67a61c9.jpg.jpg,1024,1781,6,225,970,247,1009
3a22097aaa5bbc2bdaea17324d26435bd0254917ac55ddb686fb87a7c67a61c9.jpg.jpg,1024,1781,-,166,977,176,988
3a22097aaa5bbc2bdaea17324d26435bd0254917ac55ddb686fb87a7c67a61c9.jpg.jpg,1024,1781,2,249,975,274,1014
3af91fefd2518155c4c7b6a981f5a4b9041b821585f0b61cbbe2c022ef13d459.jpg.jpg,1024,670,3,138,568,151,590
3af91fefd2518155c4c7b6a981f5a4b9041b821585f0b61cbbe2c022ef13d459.jpg.jpg,1024,670,6,149,570,163,594
3af91fefd2518155c4c7b6a981f5a4b9041b821585f0b61cbbe2c022ef13d459.jpg.jpg,1024,670,-,161,579,166,587
3af91fefd2518155c4c7b6a981f5a4b9041b821585f0b61cbbe2c022ef13d459.jpg.jpg,1024,670,1,168,573,178,599
3af91fefd2518155c4c7b6a981f5a4b9041b821585f0b61cbbe2c022ef13d459.jpg.jpg,1024,670,4,178,576,191,604
3af91fefd2518155c4c7b6a981f5a4b9041b821585f0b61cbbe2c022ef13d459.jpg.jpg,1024,670,4,204,584,217,612
3af91fefd2518155c4c7b6a981f5a4b9041b821585f0b61cbbe2c022ef13d459.jpg.jpg,1024,670,5,190,580,205,607
3af91fefd2518155c4c7b6a981f5a4b9041b821585f0b61cbbe2c022ef13d459.jpg.jpg,1024,670,0,215,586,231,612
3b323e07b11704f4ef70e0f5bb584db02000fde35a61999e05327d03195a1ecb.jpg.jpg,1024,1365,1,749,708,762,743
3b323e07b11704f4ef70e0f5bb584db02000fde35a61999e05327d03195a1ecb.jpg.jpg,1024,1365,1,765,706,778,741
3b323e07b11704f4ef70e0f5bb584db02000fde35a61999e05327d03195a1ecb.jpg.jpg,1024,1365,1,803,701,816,736
3b323e07b11704f4ef70e0f5bb584db02000fde35a61999e05327d03195a1ecb.jpg.jpg,1024,1365,1,846,694,859,729
3b323e07b11704f4ef70e0f5bb584db02000fde35a61999e05327d03195a1ecb.jpg.jpg,1024,1365,8,787,703,803,737
3b323e07b11704f4ef70e0f5bb584db02000fde35a61999e05327d03195a1ecb.jpg.jpg,1024,1365,8,817,698,833,732
3b323e07b11704f4ef70e0f5bb584db02000fde35a61999e05327d03195a1ecb.jpg.jpg,1024,1365,-,777,717,788,724
3b323e07b11704f4ef70e0f5bb584db02000fde35a61999e05327d03195a1ecb.jpg.jpg,1024,1365,7,831,696,845,731
3c04ce0f08dac68666b8140d921e25bb098e2fdb9bdaa515e119abd8196d69ed.jpg.jpg,1024,768,3,87,354,207,514
3c04ce0f08dac68666b8140d921e25bb098e2fdb9bdaa515e119abd8196d69ed.jpg.jpg,1024,768,4,206,357,329,515
3c04ce0f08dac68666b8140d921e25bb098e2fdb9bdaa515e119abd8196d69ed.jpg.jpg,1024,768,4,635,372,744,518
3c04ce0f08dac68666b8140d921e25bb098e2fdb9bdaa515e119abd8196d69ed.jpg.jpg,1024,768,4,869,373,978,519
3c04ce0f08dac68666b8140d921e25bb098e2fdb9bdaa515e119abd8196d69ed.jpg.jpg,1024,768,3,514,358,634,518
3c04ce0f08dac68666b8140d921e25bb098e2fdb9bdaa515e119abd8196d69ed.jpg.jpg,1024,768,3,743,369,863,529
3c04ce0f08dac68666b8140d921e25bb098e2fdb9bdaa515e119abd8196d69ed.jpg.jpg,1024,768,1,419,357,487,505
3c04ce0f08dac68666b8140d921e25bb098e2fdb9bdaa515e119abd8196d69ed.jpg.jpg,1024,768,-,337,409,390,447
3c04ce0f08dac68666b8140d921e25bb098e2fdb9bdaa515e119abd8196d69ed.jpg.jpg,1024,768,1,432,126,474,181
3c04ce0f08dac68666b8140d921e25bb098e2fdb9bdaa515e119abd8196d69ed.jpg.jpg,1024,768,3,483,125,564,179
3c04ce0f08dac68666b8140d921e25bb098e2fdb9bdaa515e119abd8196d69ed.jpg.jpg,1024,768,3,497,78,564,123
3c04ce0f08dac68666b8140d921e25bb098e2fdb9bdaa515e119abd8196d69ed.jpg.jpg,1024,768,3,617,125,691,173
3c04ce0f08dac68666b8140d921e25bb098e2fdb9bdaa515e119abd8196d69ed.jpg.jpg,1024,768,4,570,76,628,125
3c04ce0f08dac68666b8140d921e25bb098e2fdb9bdaa515e119abd8196d69ed.jpg.jpg,1024,768,4,690,126,748,175
3c04ce0f08dac68666b8140d921e25bb098e2fdb9bdaa515e119abd8196d69ed.jpg.jpg,1024,768,4,562,126,620,175
3cc404b3e9bf3e8d75213095adb27f1db47f4555cb1c9ddb5c743023e1aa3458.jpg.jpg,1024,768,2,825,507,839,529
3cc404b3e9bf3e8d75213095adb27f1db47f4555cb1c9ddb5c743023e1aa3458.jpg.jpg,1024,768,4,837,501,848,522
3cc404b3e9bf3e8d75213095adb27f1db47f4555cb1c9ddb5c743023e1aa3458.jpg.jpg,1024,768,7,805,540,817,563
3cc404b3e9bf3e8d75213095adb27f1db47f4555cb1c9ddb5c743023e1aa3458.jpg.jpg,1024,768,4,816,534,827,556
3cc404b3e9bf3e8d75213095adb27f1db47f4555cb1c9ddb5c743023e1aa3458.jpg.jpg,1024,768,0,827,528,839,549
3cc404b3e9bf3e8d75213095adb27f1db47f4555cb1c9ddb5c743023e1aa3458.jpg.jpg,1024,768,1,840,521,848,541
3cc404b3e9bf3e8d75213095adb27f1db47f4555cb1c9ddb5c743023e1aa3458.jpg.jpg,1024,768,0,847,515,858,537
3cecfdcf3e78d9dee72e0a2e8cb72c3c581a0e463de99e7c454900c3dad72186.jpg.jpg,1024,772,7,771,507,788,551
3cecfdcf3e78d9dee72e0a2e8cb72c3c581a0e463de99e7c454900c3dad72186.jpg.jpg,1024,772,0,789,504,808,544
3cecfdcf3e78d9dee72e0a2e8cb72c3c581a0e463de99e7c454900c3dad72186.jpg.jpg,1024,772,-,808,515,815,526
3cecfdcf3e78d9dee72e0a2e8cb72c3c581a0e463de99e7c454900c3dad72186.jpg.jpg,1024,772,3,816,497,835,537
3cecfdcf3e78d9dee72e0a2e8cb72c3c581a0e463de99e7c454900c3dad72186.jpg.jpg,1024,772,5,835,493,851,533
3cecfdcf3e78d9dee72e0a2e8cb72c3c581a0e463de99e7c454900c3dad72186.jpg.jpg,1024,772,5,852,487,867,529
3cecfdcf3e78d9dee72e0a2e8cb72c3c581a0e463de99e7c454900c3dad72186.jpg.jpg,1024,772,2,868,484,885,523
3cecfdcf3e78d9dee72e0a2e8cb72c3c581a0e463de99e7c454900c3dad72186.jpg.jpg,1024,772,9,884,481,901,519
3d3497c79af33f2db0709d73fc184d7965c3a49ede0b9efdc49e11f40788cdda.jpg.jpg,1024,1365,4,655,574,678,617
3d3497c79af33f2db0709d73fc184d7965c3a49ede0b9efdc49e11f40788cdda.jpg.jpg,1024,1365,4,799,566,822,609
3d3497c79af33f2db0709d73fc184d7965c3a49ede0b9efdc49e11f40788cdda.jpg.jpg,1024,1365,0,681,574,702,616
3d3497c79af33f2db0709d73fc184d7965c3a49ede0b9efdc49e11f40788cdda.jpg.jpg,1024,1365,0,737,570,758,612
3d3497c79af33f2db0709d73fc184d7965c3a49ede0b9efdc49e11f40788cdda.jpg.jpg,1024,1365,5,713,572,737,612
3d3497c79af33f2db0709d73fc184d7965c3a49ede0b9efdc49e11f40788cdda.jpg.jpg,1024,1365,7,758,569,781,610
3d3497c79af33f2db0709d73fc184d7965c3a49ede0b9efdc49e11f40788cdda.jpg.jpg,1024,1365,6,778,567,801,608
3d3497c79af33f2db0709d73fc184d7965c3a49ede0b9efdc49e11f40788cdda.jpg.jpg,1024,1365,-,703,588,713,598
3d43f3f38cb834a11a8900ab0d0f39c567ffe32832e81683aae8c82d63832790.jpg.jpg,1024,1365,6,279,989,294,1017
3d43f3f38cb834a11a8900ab0d0f39c567ffe32832e81683aae8c82d63832790.jpg.jpg,1024,1365,0,294,992,309,1021
3d43f3f38cb834a11a8900ab0d0f39c567ffe32832e81683aae8c82d63832790.jpg.jpg,1024,1365,-,310,1006,316,1013
3d43f3f38cb834a11a8900ab0d0f39c567ffe32832e81683aae8c82d63832790.jpg.jpg,1024,1365,1,319,997,330,1027
3d43f3f38cb834a11a8900ab0d0f39c567ffe32832e81683aae8c82d63832790.jpg.jpg,1024,1365,4,333,1002,347,1031
3d43f3f38cb834a11a8900ab0d0f39c567ffe32832e81683aae8c82d63832790.jpg.jpg,1024,1365,4,349,1006,363,1035
3d43f3f38cb834a11a8900ab0d0f39c567ffe32832e81683aae8c82d63832790.jpg.jpg,1024,1365,2,364,1008,380,1039
3d43f3f38cb834a11a8900ab0d0f39c567ffe32832e81683aae8c82d63832790.jpg.jpg,1024,1365,2,380,1013,396,1044
3d56ddec544d6e1a0cc43603a45055e25d14cde702d3636c633684ab21f846ba.jpg.jpg,1024,263,1,232,63,274,225
3d56ddec544d6e1a0cc43603a45055e25d14cde702d3636c633684ab21f846ba.jpg.jpg,1024,263,1,486,63,528,225
3d56ddec544d6e1a0cc43603a45055e25d14cde702d3636c633684ab21f846ba.jpg.jpg,1024,263,1,588,54,630,216
3d56ddec544d6e1a0cc43603a45055e25d14cde702d3636c633684ab21f846ba.jpg.jpg,1024,263,1,694,50,736,212
3d56ddec544d6e1a0cc43603a45055e25d14cde702d3636c633684ab21f846ba.jpg.jpg,1024,263,7,301,61,404,223
3d56ddec544d6e1a0cc43603a45055e25d14cde702d3636c633684ab21f846ba.jpg.jpg,1024,263,-,403,122,459,161
3d56ddec544d6e1a0cc43603a45055e25d14cde702d3636c633684ab21f846ba.jpg.jpg,1024,263,9,771,57,867,210
3d56ddec544d6e1a0cc43603a45055e25d14cde702d3636c633684ab21f846ba.jpg.jpg,1024,263,0,879,50,982,187
3d66f354120e39c30fb603612640d47d8e8c0d9a1a2c1226e8364c8208c56a82.jpg.jpg,1024,768,1,259,589,271,615
3d66f354120e39c30fb603612640d47d8e8c0d9a1a2c1226e8364c8208c56a82.jpg.jpg,1024,768,5,269,593,281,620
3d66f354120e39c30fb603612640d47d8e8c0d9a1a2c1226e8364c8208c56a82.jpg.jpg,1024,768,-,280,604,285,612
3d66f354120e39c30fb603612640d47d8e8c0d9a1a2c1226e8364c8208c56a82.jpg.jpg,1024,768,8,282,598,295,627
3d66f354120e39c30fb603612640d47d8e8c0d9a1a2c1226e8364c8208c56a82.jpg.jpg,1024,768,5,292,602,305,630
3d66f354120e39c30fb603612640d47d8e8c0d9a1a2c1226e8364c8208c56a82.jpg.jpg,1024,768,5,302,606,315,634
3d66f354120e39c30fb603612640d47d8e8c0d9a1a2c1226e8364c8208c56a82.jpg.jpg,1024,768,9,312,610,326,639
3d66f354120e39c30fb603612640d47d8e8c0d9a1a2c1226e8364c8208c56a82.jpg.jpg,1024,768,3,322,615,337,645
3da20d47e9672bf4f016bd60399a50d95cb09d24dbc35747a26d49d86e9eb1ca.jpg.jpg,0,0,3,299,615,322,642
3da20d47e9672bf4f016bd60399a50d95cb09d24dbc35747a26d49d86e9eb1ca.jpg.jpg,0,0,3,275,637,298,664
3da20d47e9672bf4f016bd60399a50d95cb09d24dbc35747a26d49d86e9eb1ca.jpg.jpg,0,0,1,293,640,316,667
3da20d47e9672bf4f016bd60399a50d95cb09d24dbc35747a26d49d86e9eb1ca.jpg.jpg,0,0,2,315,643,338,670
3da20d47e9672bf4f016bd60399a50d95cb09d24dbc35747a26d49d86e9eb1ca.jpg.jpg,0,0,0,338,646,361,673
3da20d47e9672bf4f016bd60399a50d95cb09d24dbc35747a26d49d86e9eb1ca.jpg.jpg,0,0,4,360,648,383,675
3da20d47e9672bf4f016bd60399a50d95cb09d24dbc35747a26d49d86e9eb1ca.jpg.jpg,0,0,6,321,617,344,644
3ff010a787cab838864fbab5eaef7c4f4e90acdfd2a6162f87706506d844dfb5.jpg.jpg,1024,768,1,426,529,439,564
3ff010a787cab838864fbab5eaef7c4f4e90acdfd2a6162f87706506d844dfb5.jpg.jpg,1024,768,8,447,534,473,568
3ff010a787cab838864fbab5eaef7c4f4e90acdfd2a6162f87706506d844dfb5.jpg.jpg,1024,768,3,381,555,405,590
3ff010a787cab838864fbab5eaef7c4f4e90acdfd2a6162f87706506d844dfb5.jpg.jpg,1024,768,4,407,562,431,597
3ff010a787cab838864fbab5eaef7c4f4e90acdfd2a6162f87706506d844dfb5.jpg.jpg,1024,768,7,432,566,456,601
3ff010a787cab838864fbab5eaef7c4f4e90acdfd2a6162f87706506d844dfb5.jpg.jpg,1024,768,9,460,571,484,606
3ff010a787cab838864fbab5eaef7c4f4e90acdfd2a6162f87706506d844dfb5.jpg.jpg,1024,768,2,486,575,510,610
3ff1a089ecff312e61c63f790562c0e095e93ef5a4a321ca804514aa8fbfeb52.jpg.jpg,1024,2160,3,89,1324,109,1363
3ff1a089ecff312e61c63f790562c0e095e93ef5a4a321ca804514aa8fbfeb52.jpg.jpg,1024,2160,6,111,1328,131,1367
3ff1a089ecff312e61c63f790562c0e095e93ef5a4a321ca804514aa8fbfeb52.jpg.jpg,1024,2160,1,144,1334,164,1373
3ff1a089ecff312e61c63f790562c0e095e93ef5a4a321ca804514aa8fbfeb52.jpg.jpg,1024,2160,9,167,1337,187,1376
3ff1a089ecff312e61c63f790562c0e095e93ef5a4a321ca804514aa8fbfeb52.jpg.jpg,1024,2160,7,191,1340,211,1379
3ff1a089ecff312e61c63f790562c0e095e93ef5a4a321ca804514aa8fbfeb52.jpg.jpg,1024,2160,8,214,1344,234,1383
3ff1a089ecff312e61c63f790562c0e095e93ef5a4a321ca804514aa8fbfeb52.jpg.jpg,1024,2160,5,237,1348,257,1387
3ff1a089ecff312e61c63f790562c0e095e93ef5a4a321ca804514aa8fbfeb52.jpg.jpg,1024,2160,-,132,1344,143,1355
3ffa1d5a4f6251a624efe23580a654e1e1cc2d9474bf4960c0aff06910fed9b2.jpg.jpg,1024,576,7,867,371,880,403
3ffa1d5a4f6251a624efe23580a654e1e1cc2d9474bf4960c0aff06910fed9b2.jpg.jpg,1024,576,0,879,364,890,395
3ffa1d5a4f6251a624efe23580a654e1e1cc2d9474bf4960c0aff06910fed9b2.jpg.jpg,1024,576,-,888,372,894,380
3ffa1d5a4f6251a624efe23580a654e1e1cc2d9474bf4960c0aff06910fed9b2.jpg.jpg,1024,576,4,893,357,903,384
3ffa1d5a4f6251a624efe23580a654e1e1cc2d9474bf4960c0aff06910fed9b2.jpg.jpg,1024,576,6,901,351,911,380
3ffa1d5a4f6251a624efe23580a654e1e1cc2d9474bf4960c0aff06910fed9b2.jpg.jpg,1024,576,6,910,345,920,374
3ffa1d5a4f6251a624efe23580a654e1e1cc2d9474bf4960c0aff06910fed9b2.jpg.jpg,1024,576,8,918,340,927,368
3ffa1d5a4f6251a624efe23580a654e1e1cc2d9474bf4960c0aff06910fed9b2.jpg.jpg,1024,576,3,926,334,935,362
4b5c821832a2cb3a2050d1f8e5d8ce0ec5c1b6cbfcee83871f81167dc42fca9e.jpg.jpg,1024,1365,7,294,831,320,880
4b5c821832a2cb3a2050d1f8e5d8ce0ec5c1b6cbfcee83871f81167dc42fca9e.jpg.jpg,1024,1365,0,321,828,354,870
4b5c821832a2cb3a2050d1f8e5d8ce0ec5c1b6cbfcee83871f81167dc42fca9e.jpg.jpg,1024,1365,-,350,835,365,848
4b5c821832a2cb3a2050d1f8e5d8ce0ec5c1b6cbfcee83871f81167dc42fca9e.jpg.jpg,1024,1365,3,362,812,393,858
4b5c821832a2cb3a2050d1f8e5d8ce0ec5c1b6cbfcee83871f81167dc42fca9e.jpg.jpg,1024,1365,2,392,801,423,849
4b5c821832a2cb3a2050d1f8e5d8ce0ec5c1b6cbfcee83871f81167dc42fca9e.jpg.jpg,1024,1365,1,423,792,448,838
4b5c821832a2cb3a2050d1f8e5d8ce0ec5c1b6cbfcee83871f81167dc42fca9e.jpg.jpg,1024,1365,7,444,786,475,830
4b5c821832a2cb3a2050d1f8e5d8ce0ec5c1b6cbfcee83871f81167dc42fca9e.jpg.jpg,1024,1365,3,473,775,506,819
4b73b135e9976e18794fbf99649b673725e241cbadec99ceadcecde4c88e9ce9.jpg.jpg,1024,1365,3,378,818,404,859
4b73b135e9976e18794fbf99649b673725e241cbadec99ceadcecde4c88e9ce9.jpg.jpg,1024,1365,8,406,815,429,859
4b73b135e9976e18794fbf99649b673725e241cbadec99ceadcecde4c88e9ce9.jpg.jpg,1024,1365,-,431,830,444,841
4b73b135e9976e18794fbf99649b673725e241cbadec99ceadcecde4c88e9ce9.jpg.jpg,1024,1365,2,444,817,469,855
4b73b135e9976e18794fbf99649b673725e241cbadec99ceadcecde4c88e9ce9.jpg.jpg,1024,1365,4,473,814,495,855
4b73b135e9976e18794fbf99649b673725e241cbadec99ceadcecde4c88e9ce9.jpg.jpg,1024,1365,0,497,814,520,854
4b73b135e9976e18794fbf99649b673725e241cbadec99ceadcecde4c88e9ce9.jpg.jpg,1024,1365,5,524,812,550,852
4b73b135e9976e18794fbf99649b673725e241cbadec99ceadcecde4c88e9ce9.jpg.jpg,1024,1365,4,550,812,575,849
4be91fb826af10bd9bb8590ea3ded109c0d1fa3cc48b658b16357c2a57096b42.jpg.jpg,1024,1822,7,276,933,287,958
4be91fb826af10bd9bb8590ea3ded109c0d1fa3cc48b658b16357c2a57096b42.jpg.jpg,1024,1822,7,328,945,339,970
4be91fb826af10bd9bb8590ea3ded109c0d1fa3cc48b658b16357c2a57096b42.jpg.jpg,1024,1822,7,339,947,350,972
4be91fb826af10bd9bb8590ea3ded109c0d1fa3cc48b658b16357c2a57096b42.jpg.jpg,1024,1822,3,304,942,317,964
4be91fb826af10bd9bb8590ea3ded109c0d1fa3cc48b658b16357c2a57096b42.jpg.jpg,1024,1822,2,351,952,364,974
4be91fb826af10bd9bb8590ea3ded109c0d1fa3cc48b658b16357c2a57096b42.jpg.jpg,1024,1822,0,317,945,327,966
4be91fb826af10bd9bb8590ea3ded109c0d1fa3cc48b658b16357c2a57096b42.jpg.jpg,1024,1822,0,289,938,299,959
4be91fb826af10bd9bb8590ea3ded109c0d1fa3cc48b658b16357c2a57096b42.jpg.jpg,1024,1822,-,300,950,306,955
4c7d428458010591b4b8eaa88fbb635edc568ffbeec26d6aa290175face8f391.jpg.jpg,1024,786,7,863,625,878,656
4c7d428458010591b4b8eaa88fbb635edc568ffbeec26d6aa290175face8f391.jpg.jpg,1024,786,0,878,620,889,650
4c7d428458010591b4b8eaa88fbb635edc568ffbeec26d6aa290175face8f391.jpg.jpg,1024,786,0,905,606,916,636
4c7d428458010591b4b8eaa88fbb635edc568ffbeec26d6aa290175face8f391.jpg.jpg,1024,786,3,895,613,906,641
4c7d428458010591b4b8eaa88fbb635edc568ffbeec26d6aa290175face8f391.jpg.jpg,1024,786,6,917,602,927,630
4c7d428458010591b4b8eaa88fbb635edc568ffbeec26d6aa290175face8f391.jpg.jpg,1024,786,4,928,596,936,623
4c7d428458010591b4b8eaa88fbb635edc568ffbeec26d6aa290175face8f391.jpg.jpg,1024,786,5,937,589,948,619
4c7d428458010591b4b8eaa88fbb635edc568ffbeec26d6aa290175face8f391.jpg.jpg,1024,786,-,889,627,896,633
4e70e6913850c63feab403a2141986507d1ed85fe5ce09dd5fc25c8dc20095db.jpg.jpg,1024,575,1,407,96,467,281
4e70e6913850c63feab403a2141986507d1ed85fe5ce09dd5fc25c8dc20095db.jpg.jpg,1024,575,1,217,265,277,450
4e70e6913850c63feab403a2141986507d1ed85fe5ce09dd5fc25c8dc20095db.jpg.jpg,1024,575,0,515,115,639,287
4e70e6913850c63feab403a2141986507d1ed85fe5ce09dd5fc25c8dc20095db.jpg.jpg,1024,575,2,319,290,431,449
4e70e6913850c63feab403a2141986507d1ed85fe5ce09dd5fc25c8dc20095db.jpg.jpg,1024,575,3,440,299,552,458
4e70e6913850c63feab403a2141986507d1ed85fe5ce09dd5fc25c8dc20095db.jpg.jpg,1024,575,5,566,304,678,463
4e70e6913850c63feab403a2141986507d1ed85fe5ce09dd5fc25c8dc20095db.jpg.jpg,1024,575,6,690,316,802,475
4f20186863effd3c4527d1108c30f1a0c84558f43e57441f7f5d6375b668c834.jpg.jpg,1024,1365,4,773,798,788,829
4f20186863effd3c4527d1108c30f1a0c84558f43e57441f7f5d6375b668c834.jpg.jpg,1024,1365,5,791,795,805,827
4f20186863effd3c4527d1108c30f1a0c84558f43e57441f7f5d6375b668c834.jpg.jpg,1024,1365,-,805,803,812,810
4f20186863effd3c4527d1108c30f1a0c84558f43e57441f7f5d6375b668c834.jpg.jpg,1024,1365,6,812,789,828,819
4f20186863effd3c4527d1108c30f1a0c84558f43e57441f7f5d6375b668c834.jpg.jpg,1024,1365,1,831,787,840,815
4f20186863effd3c4527d1108c30f1a0c84558f43e57441f7f5d6375b668c834.jpg.jpg,1024,1365,7,845,784,856,812
4f20186863effd3c4527d1108c30f1a0c84558f43e57441f7f5d6375b668c834.jpg.jpg,1024,1365,3,857,780,872,806
4f20186863effd3c4527d1108c30f1a0c84558f43e57441f7f5d6375b668c834.jpg.jpg,1024,1365,7,873,777,884,805
5b8ee214049fbb37f6e46ac3bd0584c74691606d3370c53183ad6db74926a650.jpg.jpg,1024,768,6,167,601,176,623
5b8ee214049fbb37f6e46ac3bd0584c74691606d3370c53183ad6db74926a650.jpg.jpg,1024,768,0,176,604,186,626
5b8ee214049fbb37f6e46ac3bd0584c74691606d3370c53183ad6db74926a650.jpg.jpg,1024,768,-,185,614,191,620
5b8ee214049fbb37f6e46ac3bd0584c74691606d3370c53183ad6db74926a650.jpg.jpg,1024,768,1,191,607,198,632
5b8ee214049fbb37f6e46ac3bd0584c74691606d3370c53183ad6db74926a650.jpg.jpg,1024,768,4,200,612,209,636
5b8ee214049fbb37f6e46ac3bd0584c74691606d3370c53183ad6db74926a650.jpg.jpg,1024,768,4,210,615,219,639
5b8ee214049fbb37f6e46ac3bd0584c74691606d3370c53183ad6db74926a650.jpg.jpg,1024,768,2,219,618,230,644
5b8ee214049fbb37f6e46ac3bd0584c74691606d3370c53183ad6db74926a650.jpg.jpg,1024,768,2,229,622,240,648
5b91008184fc1c585be2427e4a8bab780a6120e3ac9362505988e9fcda589fbf.jpg.jpg,1024,768,3,239,375,253,401
5b91008184fc1c585be2427e4a8bab780a6120e3ac9362505988e9fcda589fbf.jpg.jpg,1024,768,7,253,378,267,403
5b91008184fc1c585be2427e4a8bab780a6120e3ac9362505988e9fcda589fbf.jpg.jpg,1024,768,8,220,396,234,419
5b91008184fc1c585be2427e4a8bab780a6120e3ac9362505988e9fcda589fbf.jpg.jpg,1024,768,5,235,400,247,422
5b91008184fc1c585be2427e4a8bab780a6120e3ac9362505988e9fcda589fbf.jpg.jpg,1024,768,5,248,404,260,426
5b91008184fc1c585be2427e4a8bab780a6120e3ac9362505988e9fcda589fbf.jpg.jpg,1024,768,9,262,405,276,429
5b91008184fc1c585be2427e4a8bab780a6120e3ac9362505988e9fcda589fbf.jpg.jpg,1024,768,4,278,410,291,434
5be84b1f826cd33b15ddd161acbae323e736ab99ac8afe0bf5358c0ff89058e2.jpg.jpg,1024,1365,7,319,719,339,747
5be84b1f826cd33b15ddd161acbae323e736ab99ac8afe0bf5358c0ff89058e2.jpg.jpg,1024,1365,0,336,717,358,738
5be84b1f826cd33b15ddd161acbae323e736ab99ac8afe0bf5358c0ff89058e2.jpg.jpg,1024,1365,4,318,753,334,777
5be84b1f826cd33b15ddd161acbae323e736ab99ac8afe0bf5358c0ff89058e2.jpg.jpg,1024,1365,3,330,748,349,767
5be84b1f826cd33b15ddd161acbae323e736ab99ac8afe0bf5358c0ff89058e2.jpg.jpg,1024,1365,4,346,742,362,766
5be84b1f826cd33b15ddd161acbae323e736ab99ac8afe0bf5358c0ff89058e2.jpg.jpg,1024,1365,4,360,737,376,761
5be84b1f826cd33b15ddd161acbae323e736ab99ac8afe0bf5358c0ff89058e2.jpg.jpg,1024,1365,5,372,729,392,752
5cbd574a52e6f5d9196048fe8ee65eb2aa85a21baa3dea700e9043169936f29f.jpg.jpg,1024,1365,2,426,1160,460,1207
5cbd574a52e6f5d9196048fe8ee65eb2aa85a21baa3dea700e9043169936f29f.jpg.jpg,1024,1365,2,544,1165,578,1212
5cbd574a52e6f5d9196048fe8ee65eb2aa85a21baa3dea700e9043169936f29f.jpg.jpg,1024,1365,2,643,1160,677,1207
5cbd574a52e6f5d9196048fe8ee65eb2aa85a21baa3dea700e9043169936f29f.jpg.jpg,1024,1365,3,462,1161,493,1209
5cbd574a52e6f5d9196048fe8ee65eb2aa85a21baa3dea700e9043169936f29f.jpg.jpg,1024,1365,3,510,1163,541,1211
5cbd574a52e6f5d9196048fe8ee65eb2aa85a21baa3dea700e9043169936f29f.jpg.jpg,1024,1365,-,496,1176,511,1193
5cbd574a52e6f5d9196048fe8ee65eb2aa85a21baa3dea700e9043169936f29f.jpg.jpg,1024,1365,0,577,1162,610,1209
5cbd574a52e6f5d9196048fe8ee65eb2aa85a21baa3dea700e9043169936f29f.jpg.jpg,1024,1365,5,611,1160,642,1205
5dbd1c6df920ab9aea53dbbcd2a0b918f60efe1ac5d1c567270e4add3b9213b6.jpg.jpg,1024,2160,6,245,1346,261,1383
5dbd1c6df920ab9aea53dbbcd2a0b918f60efe1ac5d1c567270e4add3b9213b6.jpg.jpg,1024,2160,0,262,1352,279,1388
5dbd1c6df920ab9aea53dbbcd2a0b918f60efe1ac5d1c567270e4add3b9213b6.jpg.jpg,1024,2160,0,338,1371,355,1407
5dbd1c6df920ab9aea53dbbcd2a0b918f60efe1ac5d1c567270e4add3b9213b6.jpg.jpg,1024,2160,3,287,1357,305,1393
5dbd1c6df920ab9aea53dbbcd2a0b918f60efe1ac5d1c567270e4add3b9213b6.jpg.jpg,1024,2160,4,306,1360,321,1398
5dbd1c6df920ab9aea53dbbcd2a0b918f60efe1ac5d1c567270e4add3b9213b6.jpg.jpg,1024,2160,0,320,1364,338,1402
5dbd1c6df920ab9aea53dbbcd2a0b918f60efe1ac5d1c567270e4add3b9213b6.jpg.jpg,1024,2160,-,279,1366,288,1376
5dbd1c6df920ab9aea53dbbcd2a0b918f60efe1ac5d1c567270e4add3b9213b6.jpg.jpg,1024,2160,5,358,1374,380,1415
5dd69373a074a496949841fbb790c9d5e0e59c570c19ba84764abbf315fe3354.jpg.jpg,1024,576,4,103,256,112,286
5dd69373a074a496949841fbb790c9d5e0e59c570c19ba84764abbf315fe3354.jpg.jpg,1024,576,0,112,261,121,288
5dd69373a074a496949841fbb790c9d5e0e59c570c19ba84764abbf315fe3354.jpg.jpg,1024,576,4,135,268,144,298
5dd69373a074a496949841fbb790c9d5e0e59c570c19ba84764abbf315fe3354.jpg.jpg,1024,576,-,121,275,125,280
5dd69373a074a496949841fbb790c9d5e0e59c570c19ba84764abbf315fe3354.jpg.jpg,1024,576,5,125,265,135,295
5dd69373a074a496949841fbb790c9d5e0e59c570c19ba84764abbf315fe3354.jpg.jpg,1024,576,7,144,271,154,300
5dd69373a074a496949841fbb790c9d5e0e59c570c19ba84764abbf315fe3354.jpg.jpg,1024,576,9,154,275,165,307
5dd69373a074a496949841fbb790c9d5e0e59c570c19ba84764abbf315fe3354.jpg.jpg,1024,576,6,166,279,176,310
5df127e9ffbb8e791d48e9de201b25a42897af50952a8e3a59ab4ef629abc90d.jpg.jpg,1024,1024,6,458,618,475,645
5df127e9ffbb8e791d48e9de201b25a42897af50952a8e3a59ab4ef629abc90d.jpg.jpg,1024,1024,6,519,617,536,644
5df127e9ffbb8e791d48e9de201b25a42897af50952a8e3a59ab4ef629abc90d.jpg.jpg,1024,1024,0,476,618,494,645
5df127e9ffbb8e791d48e9de201b25a42897af50952a8e3a59ab4ef629abc90d.jpg.jpg,1024,1024,0,537,616,555,643
5df127e9ffbb8e791d48e9de201b25a42897af50952a8e3a59ab4ef629abc90d.jpg.jpg,1024,1024,-,494,627,502,635
5df127e9ffbb8e791d48e9de201b25a42897af50952a8e3a59ab4ef629abc90d.jpg.jpg,1024,1024,2,502,619,519,644
5df127e9ffbb8e791d48e9de201b25a42897af50952a8e3a59ab4ef629abc90d.jpg.jpg,1024,1024,9,555,615,573,642
5df127e9ffbb8e791d48e9de201b25a42897af50952a8e3a59ab4ef629abc90d.jpg.jpg,1024,1024,8,573,616,593,642
5e8d1d9a5da2e98754a2c0d4c0941bbd6c6e1a623af083c03531f49b739c25c8.jpg.jpg,1024,768,6,143,541,148,559
5e8d1d9a5da2e98754a2c0d4c0941bbd6c6e1a623af083c03531f49b739c25c8.jpg.jpg,1024,768,0,148,544,154,564
5e8d1d9a5da2e98754a2c0d4c0941bbd6c6e1a623af083c03531f49b739c25c8.jpg.jpg,1024,768,-,154,553,157,558
5e8d1d9a5da2e98754a2c0d4c0941bbd6c6e1a623af083c03531f49b739c25c8.jpg.jpg,1024,768,1,157,547,163,567
5e8d1d9a5da2e98754a2c0d4c0941bbd6c6e1a623af083c03531f49b739c25c8.jpg.jpg,1024,768,4,162,550,169,570
5e8d1d9a5da2e98754a2c0d4c0941bbd6c6e1a623af083c03531f49b739c25c8.jpg.jpg,1024,768,4,168,553,175,573
5e8d1d9a5da2e98754a2c0d4c0941bbd6c6e1a623af083c03531f49b739c25c8.jpg.jpg,1024,768,2,174,556,181,577
5e8d1d9a5da2e98754a2c0d4c0941bbd6c6e1a623af083c03531f49b739c25c8.jpg.jpg,1024,768,2,181,559,188,582
5ea6782649acfb791effcd3ab92aa6f819b9715d4c76f5dd50e2a0095f9bd0b6.jpg.jpg,1024,1365,4,425,928,451,972
5ea6782649acfb791effcd3ab92aa6f819b9715d4c76f5dd50e2a0095f9bd0b6.jpg.jpg,1024,1365,4,527,928,553,972
5ea6782649acfb791effcd3ab92aa6f819b9715d4c76f5dd50e2a0095f9bd0b6.jpg.jpg,1024,1365,8,454,931,482,972
5ea6782649acfb791effcd3ab92aa6f819b9715d4c76f5dd50e2a0095f9bd0b6.jpg.jpg,1024,1365,8,612,926,640,967
5ea6782649acfb791effcd3ab92aa6f819b9715d4c76f5dd50e2a0095f9bd0b6.jpg.jpg,1024,1365,8,555,929,583,970
5ea6782649acfb791effcd3ab92aa6f819b9715d4c76f5dd50e2a0095f9bd0b6.jpg.jpg,1024,1365,0,584,926,610,969
5ea6782649acfb791effcd3ab92aa6f819b9715d4c76f5dd50e2a0095f9bd0b6.jpg.jpg,1024,1365,-,482,944,497,957
5f4d16e92ed981f0f71cf7eb51f465f660a0712ccc669685afcdf644790979a1.jpg.jpg,1024,768,4,436,489,458,524
5f4d16e92ed981f0f71cf7eb51f465f660a0712ccc669685afcdf644790979a1.jpg.jpg,1024,768,0,459,490,485,527
5f4d16e92ed981f0f71cf7eb51f465f660a0712ccc669685afcdf644790979a1.jpg.jpg,1024,768,-,484,503,496,515
5f4d16e92ed981f0f71cf7eb51f465f660a0712ccc669685afcdf644790979a1.jpg.jpg,1024,768,5,495,491,519,527
5f4d16e92ed981f0f71cf7eb51f465f660a0712ccc669685afcdf644790979a1.jpg.jpg,1024,768,5,568,492,592,528
5f4d16e92ed981f0f71cf7eb51f465f660a0712ccc669685afcdf644790979a1.jpg.jpg,1024,768,5,593,492,617,528
5f4d16e92ed981f0f71cf7eb51f465f660a0712ccc669685afcdf644790979a1.jpg.jpg,1024,768,4,546,494,568,526
5f4d16e92ed981f0f71cf7eb51f465f660a0712ccc669685afcdf644790979a1.jpg.jpg,1024,768,9,520,493,544,526
5f93a79232ee6f46605ce51e05f95a2a863de34f958d380e9b523748f08033d3.jpg.jpg,1024,1024,2,87,552,109,591
5f93a79232ee6f46605ce51e05f95a2a863de34f958d380e9b523748f08033d3.jpg.jpg,1024,1024,0,108,565,132,602
5f93a79232ee6f46605ce51e05f95a2a863de34f958d380e9b523748f08033d3.jpg.jpg,1024,1024,2,125,609,147,645
5f93a79232ee6f46605ce51e05f95a2a863de34f958d380e9b523748f08033d3.jpg.jpg,1024,1024,9,55,580,80,617
5f93a79232ee6f46605ce51e05f95a2a863de34f958d380e9b523748f08033d3.jpg.jpg,1024,1024,1,83,590,97,624
5f93a79232ee6f46605ce51e05f95a2a863de34f958d380e9b523748f08033d3.jpg.jpg,1024,1024,7,100,596,120,631
5f93a79232ee6f46605ce51e05f95a2a863de34f958d380e9b523748f08033d3.jpg.jpg,1024,1024,4,151,618,170,654
6ad5ab9f9cfcb1d0209ee8641740e0673dcb216e5efa133bd95b4eb8e3e7a99d.jpg.jpg,1024,576,1,390,442,413,500
6ad5ab9f9cfcb1d0209ee8641740e0673dcb216e5efa133bd95b4eb8e3e7a99d.jpg.jpg,1024,576,8,419,445,454,501
6ad5ab9f9cfcb1d0209ee8641740e0673dcb216e5efa133bd95b4eb8e3e7a99d.jpg.jpg,1024,576,-,456,463,470,483
6ad5ab9f9cfcb1d0209ee8641740e0673dcb216e5efa133bd95b4eb8e3e7a99d.jpg.jpg,1024,576,6,473,445,506,498
6ad5ab9f9cfcb1d0209ee8641740e0673dcb216e5efa133bd95b4eb8e3e7a99d.jpg.jpg,1024,576,6,508,444,541,497
6ad5ab9f9cfcb1d0209ee8641740e0673dcb216e5efa133bd95b4eb8e3e7a99d.jpg.jpg,1024,576,6,580,442,613,495
6ad5ab9f9cfcb1d0209ee8641740e0673dcb216e5efa133bd95b4eb8e3e7a99d.jpg.jpg,1024,576,6,617,441,650,494
6ad5ab9f9cfcb1d0209ee8641740e0673dcb216e5efa133bd95b4eb8e3e7a99d.jpg.jpg,1024,576,9,543,442,578,496
6b40a94ccde7360375c8f67d128499bd26938b36b3f9523bd5dfb85a4d574f8f.jpg.jpg,1024,1365,7,480,768,517,816
6b40a94ccde7360375c8f67d128499bd26938b36b3f9523bd5dfb85a4d574f8f.jpg.jpg,1024,1365,0,512,774,549,821
6b40a94ccde7360375c8f67d128499bd26938b36b3f9523bd5dfb85a4d574f8f.jpg.jpg,1024,1365,-,548,793,558,809
6b40a94ccde7360375c8f67d128499bd26938b36b3f9523bd5dfb85a4d574f8f.jpg.jpg,1024,1365,3,557,783,595,831
6b40a94ccde7360375c8f67d128499bd26938b36b3f9523bd5dfb85a4d574f8f.jpg.jpg,1024,1365,5,588,788,622,835
6b40a94ccde7360375c8f67d128499bd26938b36b3f9523bd5dfb85a4d574f8f.jpg.jpg,1024,1365,1,623,793,644,845
6b40a94ccde7360375c8f67d128499bd26938b36b3f9523bd5dfb85a4d574f8f.jpg.jpg,1024,1365,6,645,801,677,846
6b40a94ccde7360375c8f67d128499bd26938b36b3f9523bd5dfb85a4d574f8f.jpg.jpg,1024,1365,8,675,805,708,851
6bdeba2247e83b6116459ba7c898bdc14aaef6fd8b9f3f84f739bb0ac66f4115.jpg.jpg,1024,768,7,184,565,204,593
6bdeba2247e83b6116459ba7c898bdc14aaef6fd8b9f3f84f739bb0ac66f4115.jpg.jpg,1024,768,0,200,563,216,584
6bdeba2247e83b6116459ba7c898bdc14aaef6fd8b9f3f84f739bb0ac66f4115.jpg.jpg,1024,768,-,215,569,222,577
6bdeba2247e83b6116459ba7c898bdc14aaef6fd8b9f3f84f739bb0ac66f4115.jpg.jpg,1024,768,4,217,555,239,584
6bdeba2247e83b6116459ba7c898bdc14aaef6fd8b9f3f84f739bb0ac66f4115.jpg.jpg,1024,768,6,229,554,252,581
6bdeba2247e83b6116459ba7c898bdc14aaef6fd8b9f3f84f739bb0ac66f4115.jpg.jpg,1024,768,7,241,549,263,578
6bdeba2247e83b6116459ba7c898bdc14aaef6fd8b9f3f84f739bb0ac66f4115.jpg.jpg,1024,768,1,257,546,278,573
6bdeba2247e83b6116459ba7c898bdc14aaef6fd8b9f3f84f739bb0ac66f4115.jpg.jpg,1024,768,3,269,542,294,569
6d06755b45f8b898a22650c3c2cf54d29bc5a4dd8b1c764c68775ccf727428cf.jpg.jpg,1024,768,1,418,490,440,555
6d06755b45f8b898a22650c3c2cf54d29bc5a4dd8b1c764c68775ccf727428cf.jpg.jpg,1024,768,0,447,495,487,555
6d06755b45f8b898a22650c3c2cf54d29bc5a4dd8b1c764c68775ccf727428cf.jpg.jpg,1024,768,0,543,498,583,558
6d06755b45f8b898a22650c3c2cf54d29bc5a4dd8b1c764c68775ccf727428cf.jpg.jpg,1024,768,0,620,497,660,557
6d06755b45f8b898a22650c3c2cf54d29bc5a4dd8b1c764c68775ccf727428cf.jpg.jpg,1024,768,0,661,496,701,556
6d06755b45f8b898a22650c3c2cf54d29bc5a4dd8b1c764c68775ccf727428cf.jpg.jpg,1024,768,6,507,497,544,556
6d06755b45f8b898a22650c3c2cf54d29bc5a4dd8b1c764c68775ccf727428cf.jpg.jpg,1024,768,8,587,495,622,558
6d06755b45f8b898a22650c3c2cf54d29bc5a4dd8b1c764c68775ccf727428cf.jpg.jpg,1024,768,-,487,518,505,534
6d8026cd92bd470f5505d0852cb9b0cd264288110d1d581438764fe8f6fd6723.jpg.jpg,1024,1365,6,169,730,180,747
6d8026cd92bd470f5505d0852cb9b0cd264288110d1d581438764fe8f6fd6723.jpg.jpg,1024,1365,0,180,731,190,746
6d8026cd92bd470f5505d0852cb9b0cd264288110d1d581438764fe8f6fd6723.jpg.jpg,1024,1365,-,189,735,194,740
6d8026cd92bd470f5505d0852cb9b0cd264288110d1d581438764fe8f6fd6723.jpg.jpg,1024,1365,5,193,730,204,746
6d8026cd92bd470f5505d0852cb9b0cd264288110d1d581438764fe8f6fd6723.jpg.jpg,1024,1365,9,203,730,214,746
6d8026cd92bd470f5505d0852cb9b0cd264288110d1d581438764fe8f6fd6723.jpg.jpg,1024,1365,7,213,729,222,746
6d8026cd92bd470f5505d0852cb9b0cd264288110d1d581438764fe8f6fd6723.jpg.jpg,1024,1365,4,223,729,232,746
6d8026cd92bd470f5505d0852cb9b0cd264288110d1d581438764fe8f6fd6723.jpg.jpg,1024,1365,5,231,728,242,746
6da71d92637a40ddba5845417974c33b067a312cb70b6caf8885958e560ac54d.jpg.jpg,1024,578,7,774,244,788,274
6da71d92637a40ddba5845417974c33b067a312cb70b6caf8885958e560ac54d.jpg.jpg,1024,578,0,787,241,804,274
6da71d92637a40ddba5845417974c33b067a312cb70b6caf8885958e560ac54d.jpg.jpg,1024,578,-,803,252,809,260
6da71d92637a40ddba5845417974c33b067a312cb70b6caf8885958e560ac54d.jpg.jpg,1024,578,3,809,239,822,269
6da71d92637a40ddba5845417974c33b067a312cb70b6caf8885958e560ac54d.jpg.jpg,1024,578,9,822,238,835,268
6da71d92637a40ddba5845417974c33b067a312cb70b6caf8885958e560ac54d.jpg.jpg,1024,578,0,834,236,847,266
6da71d92637a40ddba5845417974c33b067a312cb70b6caf8885958e560ac54d.jpg.jpg,1024,578,0,845,235,858,265
6da71d92637a40ddba5845417974c33b067a312cb70b6caf8885958e560ac54d.jpg.jpg,1024,578,4,858,234,871,264
6f52c1a485148483d95c026f783b2b818c965e4bcd7585f262842d6a58746843.jpg.jpg,1024,768,1,149,294,160,310
6f52c1a485148483d95c026f783b2b818c965e4bcd7585f262842d6a58746843.jpg.jpg,1024,768,7,176,305,184,330
6f52c1a485148483d95c026f783b2b818c965e4bcd7585f262842d6a58746843.jpg.jpg,1024,768,5,189,312,198,338
6f52c1a485148483d95c026f783b2b818c965e4bcd7585f262842d6a58746843.jpg.jpg,1024,768,4,168,304,177,328
6f52c1a485148483d95c026f783b2b818c965e4bcd7585f262842d6a58746843.jpg.jpg,1024,768,9,157,298,167,324
6f52c1a485148483d95c026f783b2b818c965e4bcd7585f262842d6a58746843.jpg.jpg,1024,768,5,197,316,206,340
6f52c1a485148483d95c026f783b2b818c965e4bcd7585f262842d6a58746843.jpg.jpg,1024,768,4,181,310,190,333
6f52c1a485148483d95c026f783b2b818c965e4bcd7585f262842d6a58746843.jpg.jpg,1024,768,-,166,309,169,315
7a2e5e3ce7c378a49717ae959b7a1ea57b84797a213e7172ab59eec7f0114d8e.jpg.jpg,1024,1365,3,837,733,854,763
7a2e5e3ce7c378a49717ae959b7a1ea57b84797a213e7172ab59eec7f0114d8e.jpg.jpg,1024,1365,7,856,727,872,760
7a2e5e3ce7c378a49717ae959b7a1ea57b84797a213e7172ab59eec7f0114d8e.jpg.jpg,1024,1365,7,945,701,961,734
7a2e5e3ce7c378a49717ae959b7a1ea57b84797a213e7172ab59eec7f0114d8e.jpg.jpg,1024,1365,3,895,716,912,746
7a2e5e3ce7c378a49717ae959b7a1ea57b84797a213e7172ab59eec7f0114d8e.jpg.jpg,1024,1365,3,912,711,929,741
7a2e5e3ce7c378a49717ae959b7a1ea57b84797a213e7172ab59eec7f0114d8e.jpg.jpg,1024,1365,9,878,720,895,751
7a2e5e3ce7c378a49717ae959b7a1ea57b84797a213e7172ab59eec7f0114d8e.jpg.jpg,1024,1365,-,871,736,880,743
7a2e5e3ce7c378a49717ae959b7a1ea57b84797a213e7172ab59eec7f0114d8e.jpg.jpg,1024,1365,6,929,707,947,737
7b20da257dda772ac4f96bf89b04dd0f1d47fce9324aeb11c7cd7f67ae08a146.jpg.jpg,1024,768,7,808,567,824,594
7b20da257dda772ac4f96bf89b04dd0f1d47fce9324aeb11c7cd7f67ae08a146.jpg.jpg,1024,768,7,821,595,830,620
7b20da257dda772ac4f96bf89b04dd0f1d47fce9324aeb11c7cd7f67ae08a146.jpg.jpg,1024,768,2,830,593,848,619
7b20da257dda772ac4f96bf89b04dd0f1d47fce9324aeb11c7cd7f67ae08a146.jpg.jpg,1024,768,2,805,597,819,621
7b20da257dda772ac4f96bf89b04dd0f1d47fce9324aeb11c7cd7f67ae08a146.jpg.jpg,1024,768,6,796,600,805,625
7b20da257dda772ac4f96bf89b04dd0f1d47fce9324aeb11c7cd7f67ae08a146.jpg.jpg,1024,768,4,783,600,793,629
7b43c9eaa75669f6e3eeef5e3d9472f5ed8cb19a5fecc0b5097c28257bc30aa2.jpg.jpg,1024,1365,2,542,959,564,994
7b43c9eaa75669f6e3eeef5e3d9472f5ed8cb19a5fecc0b5097c28257bc30aa2.jpg.jpg,1024,1365,0,567,964,592,995
7b43c9eaa75669f6e3eeef5e3d9472f5ed8cb19a5fecc0b5097c28257bc30aa2.jpg.jpg,1024,1365,0,576,1001,601,1032
7b43c9eaa75669f6e3eeef5e3d9472f5ed8cb19a5fecc0b5097c28257bc30aa2.jpg.jpg,1024,1365,9,502,994,525,1026
7b43c9eaa75669f6e3eeef5e3d9472f5ed8cb19a5fecc0b5097c28257bc30aa2.jpg.jpg,1024,1365,9,603,1003,626,1035
7b43c9eaa75669f6e3eeef5e3d9472f5ed8cb19a5fecc0b5097c28257bc30aa2.jpg.jpg,1024,1365,4,527,997,549,1028
7b43c9eaa75669f6e3eeef5e3d9472f5ed8cb19a5fecc0b5097c28257bc30aa2.jpg.jpg,1024,1365,4,552,998,574,1029
7bdabdc418ef6eae0bb685a35510655e2c3de5aa03376af5b96cd9b7c2e5d78e.jpg (1).jpg,1024,768,3,928,358,938,379
7bdabdc418ef6eae0bb685a35510655e2c3de5aa03376af5b96cd9b7c2e5d78e.jpg (1).jpg,1024,768,6,939,357,950,376
7bdabdc418ef6eae0bb685a35510655e2c3de5aa03376af5b96cd9b7c2e5d78e.jpg (1).jpg,1024,768,6,911,386,922,406
7bdabdc418ef6eae0bb685a35510655e2c3de5aa03376af5b96cd9b7c2e5d78e.jpg (1).jpg,1024,768,5,922,384,932,404
7bdabdc418ef6eae0bb685a35510655e2c3de5aa03376af5b96cd9b7c2e5d78e.jpg (1).jpg,1024,768,9,932,382,942,402
7bdabdc418ef6eae0bb685a35510655e2c3de5aa03376af5b96cd9b7c2e5d78e.jpg (1).jpg,1024,768,9,943,378,953,399
7bdabdc418ef6eae0bb685a35510655e2c3de5aa03376af5b96cd9b7c2e5d78e.jpg (1).jpg,1024,768,4,953,375,963,395
7c0dfc279acca9ea2887292b63e54a97f3ca093a620e90753ac442e25ba9ac5e.jpg.jpg,1024,768,4,521,386,533,406
7c0dfc279acca9ea2887292b63e54a97f3ca093a620e90753ac442e25ba9ac5e.jpg.jpg,1024,768,0,533,387,546,406
7c0dfc279acca9ea2887292b63e54a97f3ca093a620e90753ac442e25ba9ac5e.jpg.jpg,1024,768,-,545,394,552,400
7c0dfc279acca9ea2887292b63e54a97f3ca093a620e90753ac442e25ba9ac5e.jpg.jpg,1024,768,6,553,387,565,406
7c0dfc279acca9ea2887292b63e54a97f3ca093a620e90753ac442e25ba9ac5e.jpg.jpg,1024,768,1,568,388,575,406
7c0dfc279acca9ea2887292b63e54a97f3ca093a620e90753ac442e25ba9ac5e.jpg.jpg,1024,768,1,580,388,589,407
7c0dfc279acca9ea2887292b63e54a97f3ca093a620e90753ac442e25ba9ac5e.jpg.jpg,1024,768,9,590,388,603,407
7c0dfc279acca9ea2887292b63e54a97f3ca093a620e90753ac442e25ba9ac5e.jpg.jpg,1024,768,2,603,389,616,408
7c4643b0b0b20fddb681ccdb858cc5e9cebd95d1e6b3f46de249f3953087ac96.jpg.jpg,1024,768,2,730,298,744,318
7c4643b0b0b20fddb681ccdb858cc5e9cebd95d1e6b3f46de249f3953087ac96.jpg.jpg,1024,768,3,742,297,756,315
7c4643b0b0b20fddb681ccdb858cc5e9cebd95d1e6b3f46de249f3953087ac96.jpg.jpg,1024,768,4,719,322,732,340
7c4643b0b0b20fddb681ccdb858cc5e9cebd95d1e6b3f46de249f3953087ac96.jpg.jpg,1024,768,5,731,320,742,340
7c4643b0b0b20fddb681ccdb858cc5e9cebd95d1e6b3f46de249f3953087ac96.jpg.jpg,1024,768,5,741,318,753,337
7c4643b0b0b20fddb681ccdb858cc5e9cebd95d1e6b3f46de249f3953087ac96.jpg.jpg,1024,768,0,752,317,763,335
7c4643b0b0b20fddb681ccdb858cc5e9cebd95d1e6b3f46de249f3953087ac96.jpg.jpg,1024,768,5,762,315,773,333
7c8f8899459759ce1cba857641676a44ddbbc381ae8eb6d9565425357015844c.jpg.jpg,1024,768,7,819,400,835,424
7c8f8899459759ce1cba857641676a44ddbbc381ae8eb6d9565425357015844c.jpg.jpg,1024,768,0,832,390,844,413
7c8f8899459759ce1cba857641676a44ddbbc381ae8eb6d9565425357015844c.jpg.jpg,1024,768,-,841,393,847,398
7c8f8899459759ce1cba857641676a44ddbbc381ae8eb6d9565425357015844c.jpg.jpg,1024,768,4,843,378,855,399
7c8f8899459759ce1cba857641676a44ddbbc381ae8eb6d9565425357015844c.jpg.jpg,1024,768,2,850,372,863,391
7c8f8899459759ce1cba857641676a44ddbbc381ae8eb6d9565425357015844c.jpg.jpg,1024,768,4,858,364,869,382
7c8f8899459759ce1cba857641676a44ddbbc381ae8eb6d9565425357015844c.jpg.jpg,1024,768,4,863,356,875,377
7c8f8899459759ce1cba857641676a44ddbbc381ae8eb6d9565425357015844c.jpg.jpg,1024,768,0,866,346,883,368
7ce7cdc0c14b17205c7cf1cd47675bbe58af9a46aee4aadc6fda4ecd07c68cac.jpg.jpg,1024,1365,4,222,819,237,841
7ce7cdc0c14b17205c7cf1cd47675bbe58af9a46aee4aadc6fda4ecd07c68cac.jpg.jpg,1024,1365,1,239,822,251,845
7ce7cdc0c14b17205c7cf1cd47675bbe58af9a46aee4aadc6fda4ecd07c68cac.jpg.jpg,1024,1365,8,206,838,219,861
7ce7cdc0c14b17205c7cf1cd47675bbe58af9a46aee4aadc6fda4ecd07c68cac.jpg.jpg,1024,1365,6,220,842,234,863
7ce7cdc0c14b17205c7cf1cd47675bbe58af9a46aee4aadc6fda4ecd07c68cac.jpg.jpg,1024,1365,1,235,845,246,866
7ce7cdc0c14b17205c7cf1cd47675bbe58af9a46aee4aadc6fda4ecd07c68cac.jpg.jpg,1024,1365,3,247,847,262,870
7ce7cdc0c14b17205c7cf1cd47675bbe58af9a46aee4aadc6fda4ecd07c68cac.jpg.jpg,1024,1365,5,262,850,277,873
7d20548c933f68c129bac3d0bc6edb50fe4a65de3213793f81a13207749eb13d.jpg.jpg,1024,634,1,446,91,501,292
7d20548c933f68c129bac3d0bc6edb50fe4a65de3213793f81a13207749eb13d.jpg.jpg,1024,634,1,443,312,498,513
7d20548c933f68c129bac3d0bc6edb50fe4a65de3213793f81a13207749eb13d.jpg.jpg,1024,634,3,507,94,644,293
7d20548c933f68c129bac3d0bc6edb50fe4a65de3213793f81a13207749eb13d.jpg.jpg,1024,634,3,511,304,648,503
7d20548c933f68c129bac3d0bc6edb50fe4a65de3213793f81a13207749eb13d.jpg.jpg,1024,634,9,241,305,395,507
7d20548c933f68c129bac3d0bc6edb50fe4a65de3213793f81a13207749eb13d.jpg.jpg,1024,634,9,689,309,843,511
7d3407e1e481cc94aa3d1ab13af791c63754cc0f4682707b008ba0b2cac69857.jpg.jpg,1024,1365,3,543,744,560,768
7d3407e1e481cc94aa3d1ab13af791c63754cc0f4682707b008ba0b2cac69857.jpg.jpg,1024,1365,8,562,745,579,769
7d3407e1e481cc94aa3d1ab13af791c63754cc0f4682707b008ba0b2cac69857.jpg.jpg,1024,1365,5,515,767,532,790
7d3407e1e481cc94aa3d1ab13af791c63754cc0f4682707b008ba0b2cac69857.jpg.jpg,1024,1365,7,533,768,547,791
7d3407e1e481cc94aa3d1ab13af791c63754cc0f4682707b008ba0b2cac69857.jpg.jpg,1024,1365,3,552,770,566,795
7d3407e1e481cc94aa3d1ab13af791c63754cc0f4682707b008ba0b2cac69857.jpg.jpg,1024,1365,5,569,771,585,795
7d3407e1e481cc94aa3d1ab13af791c63754cc0f4682707b008ba0b2cac69857.jpg.jpg,1024,1365,8,586,773,602,797
8ae12a3f25dcb9aeb0b08f5469d481ee2ccfa49977bb20f585a1f7c92959bbca.jpg.jpg,1024,1365,7,589,677,607,705
8ae12a3f25dcb9aeb0b08f5469d481ee2ccfa49977bb20f585a1f7c92959bbca.jpg.jpg,1024,1365,0,609,673,632,704
8ae12a3f25dcb9aeb0b08f5469d481ee2ccfa49977bb20f585a1f7c92959bbca.jpg.jpg,1024,1365,4,571,712,590,739
8ae12a3f25dcb9aeb0b08f5469d481ee2ccfa49977bb20f585a1f7c92959bbca.jpg.jpg,1024,1365,4,610,703,629,730
8ae12a3f25dcb9aeb0b08f5469d481ee2ccfa49977bb20f585a1f7c92959bbca.jpg.jpg,1024,1365,4,629,699,648,726
8ae12a3f25dcb9aeb0b08f5469d481ee2ccfa49977bb20f585a1f7c92959bbca.jpg.jpg,1024,1365,3,588,709,609,734
8ae12a3f25dcb9aeb0b08f5469d481ee2ccfa49977bb20f585a1f7c92959bbca.jpg.jpg,1024,1365,5,647,694,666,721
8b64fbcc07139148e4d58db40ac63bca2e133fe4edd786284c47cc300a9654cd.jpg.jpg,1024,1365,6,867,909,878,935
8b64fbcc07139148e4d58db40ac63bca2e133fe4edd786284c47cc300a9654cd.jpg.jpg,1024,1365,0,877,905,886,930
8b64fbcc07139148e4d58db40ac63bca2e133fe4edd786284c47cc300a9654cd.jpg.jpg,1024,1365,-,886,912,890,918
8b64fbcc07139148e4d58db40ac63bca2e133fe4edd786284c47cc300a9654cd.jpg.jpg,1024,1365,1,890,900,896,925
8b64fbcc07139148e4d58db40ac63bca2e133fe4edd786284c47cc300a9654cd.jpg.jpg,1024,1365,4,896,896,904,920
8b64fbcc07139148e4d58db40ac63bca2e133fe4edd786284c47cc300a9654cd.jpg.jpg,1024,1365,4,904,895,912,919
8b64fbcc07139148e4d58db40ac63bca2e133fe4edd786284c47cc300a9654cd.jpg.jpg,1024,1365,2,911,891,920,915
8b64fbcc07139148e4d58db40ac63bca2e133fe4edd786284c47cc300a9654cd.jpg.jpg,1024,1365,2,919,887,925,913
8c0f831c1566ceb94ff151eb3ee366a32315417d4faf9640ed0b4d72f7094a31.jpg.jpg,1024,1024,7,860,577,870,605
8c0f831c1566ceb94ff151eb3ee366a32315417d4faf9640ed0b4d72f7094a31.jpg.jpg,1024,1024,0,870,576,879,600
8c0f831c1566ceb94ff151eb3ee366a32315417d4faf9640ed0b4d72f7094a31.jpg.jpg,1024,1024,-,878,581,884,587
8c0f831c1566ceb94ff151eb3ee366a32315417d4faf9640ed0b4d72f7094a31.jpg.jpg,1024,1024,4,883,570,891,594
8c0f831c1566ceb94ff151eb3ee366a32315417d4faf9640ed0b4d72f7094a31.jpg.jpg,1024,1024,3,891,565,899,590
8c0f831c1566ceb94ff151eb3ee366a32315417d4faf9640ed0b4d72f7094a31.jpg.jpg,1024,1024,6,899,562,907,587
8c0f831c1566ceb94ff151eb3ee366a32315417d4faf9640ed0b4d72f7094a31.jpg.jpg,1024,1024,6,907,559,915,584
8c0f831c1566ceb94ff151eb3ee366a32315417d4faf9640ed0b4d72f7094a31.jpg.jpg,1024,1024,2,915,555,922,579
8cd865b3902ff003886ec2b8261f4e8b31db1c7c56f95f85f741e8b3568cbc29.jpg.jpg,1024,1365,1,439,704,451,746
8cd865b3902ff003886ec2b8261f4e8b31db1c7c56f95f85f741e8b3568cbc29.jpg.jpg,1024,1365,1,464,707,477,748
8cd865b3902ff003886ec2b8261f4e8b31db1c7c56f95f85f741e8b3568cbc29.jpg.jpg,1024,1365,-,482,723,495,735
8cd865b3902ff003886ec2b8261f4e8b31db1c7c56f95f85f741e8b3568cbc29.jpg.jpg,1024,1365,1,530,713,543,754
8cd865b3902ff003886ec2b8261f4e8b31db1c7c56f95f85f741e8b3568cbc29.jpg.jpg,1024,1365,1,612,718,625,759
8cd865b3902ff003886ec2b8261f4e8b31db1c7c56f95f85f741e8b3568cbc29.jpg.jpg,1024,1365,8,497,709,523,750
8cd865b3902ff003886ec2b8261f4e8b31db1c7c56f95f85f741e8b3568cbc29.jpg.jpg,1024,1365,8,549,715,575,756
8cd865b3902ff003886ec2b8261f4e8b31db1c7c56f95f85f741e8b3568cbc29.jpg.jpg,1024,1365,7,577,714,604,757
8d1d0e23af0f210886db0957d7a4e85138c781dfc82621d24b14ec8bbc5af59d.jpg.jpg,1024,768,4,311,389,329,425
8d1d0e23af0f210886db0957d7a4e85138c781dfc82621d24b14ec8bbc5af59d.jpg.jpg,1024,768,0,332,391,350,429
8d1d0e23af0f210886db0957d7a4e85138c781dfc82621d24b14ec8bbc5af59d.jpg.jpg,1024,768,-,352,407,360,419
8d1d0e23af0f210886db0957d7a4e85138c781dfc82621d24b14ec8bbc5af59d.jpg.jpg,1024,768,6,363,396,382,432
8d1d0e23af0f210886db0957d7a4e85138c781dfc82621d24b14ec8bbc5af59d.jpg.jpg,1024,768,0,384,399,403,436
8d1d0e23af0f210886db0957d7a4e85138c781dfc82621d24b14ec8bbc5af59d.jpg.jpg,1024,768,5,406,403,426,440
8d1d0e23af0f210886db0957d7a4e85138c781dfc82621d24b14ec8bbc5af59d.jpg.jpg,1024,768,7,428,404,449,443
8d1d0e23af0f210886db0957d7a4e85138c781dfc82621d24b14ec8bbc5af59d.jpg.jpg,1024,768,1,456,405,465,447
8d8d054826dd33039199fb9ec29b6b6bd4f62e25a45b8f4b3ff56ab0796ae25a.jpg.jpg,1024,1099,6,511,868,541,911
8d8d054826dd33039199fb9ec29b6b6bd4f62e25a45b8f4b3ff56ab0796ae25a.jpg.jpg,1024,1099,6,541,868,571,911
8d8d054826dd33039199fb9ec29b6b6bd4f62e25a45b8f4b3ff56ab0796ae25a.jpg.jpg,1024,1099,4,571,869,597,911
8d8d054826dd33039199fb9ec29b6b6bd4f62e25a45b8f4b3ff56ab0796ae25a.jpg.jpg,1024,1099,4,600,869,626,911
8e52ecf175602059c43badb57ba3e2661ff1efe05d7c2f33a9b9ede823f5ea89.jpg.jpg,1024,1365,3,453,806,477,844
8e52ecf175602059c43badb57ba3e2661ff1efe05d7c2f33a9b9ede823f5ea89.jpg.jpg,1024,1365,5,480,807,505,845
8e52ecf175602059c43badb57ba3e2661ff1efe05d7c2f33a9b9ede823f5ea89.jpg.jpg,1024,1365,-,506,822,518,832
8e52ecf175602059c43badb57ba3e2661ff1efe05d7c2f33a9b9ede823f5ea89.jpg.jpg,1024,1365,3,544,808,570,848
8e52ecf175602059c43badb57ba3e2661ff1efe05d7c2f33a9b9ede823f5ea89.jpg.jpg,1024,1365,5,574,807,597,848
8e52ecf175602059c43badb57ba3e2661ff1efe05d7c2f33a9b9ede823f5ea89.jpg.jpg,1024,1365,3,600,809,624,849
8e52ecf175602059c43badb57ba3e2661ff1efe05d7c2f33a9b9ede823f5ea89.jpg.jpg,1024,1365,0,627,809,651,850
8e7cce665f323253774278cc4c98a115e459bdce172f19f42063db7af1de0563.jpg.jpg,1024,1820,3,442,710,584,898
8e7cce665f323253774278cc4c98a115e459bdce172f19f42063db7af1de0563.jpg.jpg,1024,1820,5,599,711,744,906
8e7cce665f323253774278cc4c98a115e459bdce172f19f42063db7af1de0563.jpg.jpg,1024,1820,2,212,917,350,1096
8e7cce665f323253774278cc4c98a115e459bdce172f19f42063db7af1de0563.jpg.jpg,1024,1820,0,362,921,503,1105
8e7cce665f323253774278cc4c98a115e459bdce172f19f42063db7af1de0563.jpg.jpg,1024,1820,0,819,929,960,1113
8e7cce665f323253774278cc4c98a115e459bdce172f19f42063db7af1de0563.jpg.jpg,1024,1820,0,674,927,815,1111
8e7cce665f323253774278cc4c98a115e459bdce172f19f42063db7af1de0563.jpg.jpg,1024,1820,0,519,926,660,1110
8eba0625ed8c51176f038b4fe53c03c42ecdb2184972353c0a614fd6f8d635ee.jpg.jpg,1024,768,1,614,446,623,470
8eba0625ed8c51176f038b4fe53c03c42ecdb2184972353c0a614fd6f8d635ee.jpg.jpg,1024,768,6,625,449,640,473
8eba0625ed8c51176f038b4fe53c03c42ecdb2184972353c0a614fd6f8d635ee.jpg.jpg,1024,768,6,675,458,690,482
8eba0625ed8c51176f038b4fe53c03c42ecdb2184972353c0a614fd6f8d635ee.jpg.jpg,1024,768,9,647,453,660,477
8eba0625ed8c51176f038b4fe53c03c42ecdb2184972353c0a614fd6f8d635ee.jpg.jpg,1024,768,9,662,456,675,480
8eba0625ed8c51176f038b4fe53c03c42ecdb2184972353c0a614fd6f8d635ee.jpg.jpg,1024,768,2,691,461,707,485
8eba0625ed8c51176f038b4fe53c03c42ecdb2184972353c0a614fd6f8d635ee.jpg.jpg,1024,768,1,711,463,718,488
8eba0625ed8c51176f038b4fe53c03c42ecdb2184972353c0a614fd6f8d635ee.jpg.jpg,1024,768,-,639,461,646,466
8ecaff97c0fb863048c6051fa5a8e136bd06e37ce42efd163f1ccf38c5df448b.jpg.jpg,1024,576,2,447,302,467,329
8ecaff97c0fb863048c6051fa5a8e136bd06e37ce42efd163f1ccf38c5df448b.jpg.jpg,1024,576,1,469,301,484,330
8ecaff97c0fb863048c6051fa5a8e136bd06e37ce42efd163f1ccf38c5df448b.jpg.jpg,1024,576,-,485,311,496,321
8ecaff97c0fb863048c6051fa5a8e136bd06e37ce42efd163f1ccf38c5df448b.jpg.jpg,1024,576,8,495,301,514,331
8ecaff97c0fb863048c6051fa5a8e136bd06e37ce42efd163f1ccf38c5df448b.jpg.jpg,1024,576,4,515,301,532,330
8ecaff97c0fb863048c6051fa5a8e136bd06e37ce42efd163f1ccf38c5df448b.jpg.jpg,1024,576,5,553,301,570,330
8ecaff97c0fb863048c6051fa5a8e136bd06e37ce42efd163f1ccf38c5df448b.jpg.jpg,1024,576,2,570,302,590,329
8ecaff97c0fb863048c6051fa5a8e136bd06e37ce42efd163f1ccf38c5df448b.jpg.jpg,1024,576,8,532,300,551,330
8ee6415bc56cf6db5a751b1153433bc504892938a65e6354604d875eed74997e.jpg.jpg,1024,1024,7,67,547,81,586
8ee6415bc56cf6db5a751b1153433bc504892938a65e6354604d875eed74997e.jpg.jpg,1024,1024,0,80,549,93,587
8ee6415bc56cf6db5a751b1153433bc504892938a65e6354604d875eed74997e.jpg.jpg,1024,1024,-,93,565,103,576
8ee6415bc56cf6db5a751b1153433bc504892938a65e6354604d875eed74997e.jpg.jpg,1024,1024,3,100,553,115,593
8ee6415bc56cf6db5a751b1153433bc504892938a65e6354604d875eed74997e.jpg.jpg,1024,1024,0,115,556,130,594
8ee6415bc56cf6db5a751b1153433bc504892938a65e6354604d875eed74997e.jpg.jpg,1024,1024,6,131,558,147,598
8ee6415bc56cf6db5a751b1153433bc504892938a65e6354604d875eed74997e.jpg.jpg,1024,1024,4,147,561,163,601
8ee6415bc56cf6db5a751b1153433bc504892938a65e6354604d875eed74997e.jpg.jpg,1024,1024,5,164,561,179,604
8f01db8c978f3ce1365701716c9c7f3c5e483c9f7ead217cc689926174ec6c9c.jpg.jpg,1024,461,2,679,249,695,274
8f01db8c978f3ce1365701716c9c7f3c5e483c9f7ead217cc689926174ec6c9c.jpg.jpg,1024,461,4,694,242,706,265
8f01db8c978f3ce1365701716c9c7f3c5e483c9f7ead217cc689926174ec6c9c.jpg.jpg,1024,461,-,704,246,709,251
8f01db8c978f3ce1365701716c9c7f3c5e483c9f7ead217cc689926174ec6c9c.jpg.jpg,1024,461,2,710,231,722,255
8f01db8c978f3ce1365701716c9c7f3c5e483c9f7ead217cc689926174ec6c9c.jpg.jpg,1024,461,4,754,205,766,228
8f01db8c978f3ce1365701716c9c7f3c5e483c9f7ead217cc689926174ec6c9c.jpg.jpg,1024,461,4,742,211,754,234
8f01db8c978f3ce1365701716c9c7f3c5e483c9f7ead217cc689926174ec6c9c.jpg.jpg,1024,461,9,730,218,744,240
8f01db8c978f3ce1365701716c9c7f3c5e483c9f7ead217cc689926174ec6c9c.jpg.jpg,1024,461,5,720,224,732,246
8f78a97a230ab37688a25c6da1278daa56d06993b8e92ddc3b01ab91723a68ef.jpg.jpg,1024,1365,3,545,747,562,770
8f78a97a230ab37688a25c6da1278daa56d06993b8e92ddc3b01ab91723a68ef.jpg.jpg,1024,1365,8,564,748,580,770
8f78a97a230ab37688a25c6da1278daa56d06993b8e92ddc3b01ab91723a68ef.jpg.jpg,1024,1365,8,589,775,605,797
8f78a97a230ab37688a25c6da1278daa56d06993b8e92ddc3b01ab91723a68ef.jpg.jpg,1024,1365,3,552,770,569,793
8f78a97a230ab37688a25c6da1278daa56d06993b8e92ddc3b01ab91723a68ef.jpg.jpg,1024,1365,5,517,769,533,791
8f78a97a230ab37688a25c6da1278daa56d06993b8e92ddc3b01ab91723a68ef.jpg.jpg,1024,1365,5,571,773,587,795
8f78a97a230ab37688a25c6da1278daa56d06993b8e92ddc3b01ab91723a68ef.jpg.jpg,1024,1365,7,536,771,548,794
9c8f9db61961bf9e6b864607615d1e1be86c585dc4b44aa8b5fca1d6e9b91db0.jpg.jpg,1024,768,1,529,599,541,628
9c8f9db61961bf9e6b864607615d1e1be86c585dc4b44aa8b5fca1d6e9b91db0.jpg.jpg,1024,768,1,498,626,510,655
9c8f9db61961bf9e6b864607615d1e1be86c585dc4b44aa8b5fca1d6e9b91db0.jpg.jpg,1024,768,0,546,602,568,630
9c8f9db61961bf9e6b864607615d1e1be86c585dc4b44aa8b5fca1d6e9b91db0.jpg.jpg,1024,768,9,514,628,534,657
9c8f9db61961bf9e6b864607615d1e1be86c585dc4b44aa8b5fca1d6e9b91db0.jpg.jpg,1024,768,8,535,631,557,659
9c8f9db61961bf9e6b864607615d1e1be86c585dc4b44aa8b5fca1d6e9b91db0.jpg.jpg,1024,768,7,556,632,576,662
9c8f9db61961bf9e6b864607615d1e1be86c585dc4b44aa8b5fca1d6e9b91db0.jpg.jpg,1024,768,2,576,635,597,661
9d66ea65818287600fc64a6f3414031b084f77244b6fbbc28df8897250d10796.jpg.jpg,1024,2048,1,786,1250,800,1288
9d66ea65818287600fc64a6f3414031b084f77244b6fbbc28df8897250d10796.jpg.jpg,1024,2048,7,771,1205,797,1246
9d66ea65818287600fc64a6f3414031b084f77244b6fbbc28df8897250d10796.jpg.jpg,1024,2048,7,712,1256,738,1297
9d66ea65818287600fc64a6f3414031b084f77244b6fbbc28df8897250d10796.jpg.jpg,1024,2048,7,678,1256,704,1297
9d66ea65818287600fc64a6f3414031b084f77244b6fbbc28df8897250d10796.jpg.jpg,1024,2048,0,747,1255,774,1292
9d66ea65818287600fc64a6f3414031b084f77244b6fbbc28df8897250d10796.jpg.jpg,1024,2048,5,812,1249,840,1288
9d8e69236e850c47d32a545974299817d66345b520b51d2271d54c9d8f903613.jpg.jpg,1024,1821,2,377,741,445,830
9d8e69236e850c47d32a545974299817d66345b520b51d2271d54c9d8f903613.jpg.jpg,1024,1821,2,569,739,637,828
9d8e69236e850c47d32a545974299817d66345b520b51d2271d54c9d8f903613.jpg.jpg,1024,1821,0,448,741,518,828
9d8e69236e850c47d32a545974299817d66345b520b51d2271d54c9d8f903613.jpg.jpg,1024,1821,0,644,735,714,822
9d8e69236e850c47d32a545974299817d66345b520b51d2271d54c9d8f903613.jpg.jpg,1024,1821,-,525,770,571,802
9d8e69236e850c47d32a545974299817d66345b520b51d2271d54c9d8f903613.jpg.jpg,1024,1821,3,713,732,784,827
9d8e69236e850c47d32a545974299817d66345b520b51d2271d54c9d8f903613.jpg.jpg,1024,1821,3,856,728,927,823
9d8e69236e850c47d32a545974299817d66345b520b51d2271d54c9d8f903613.jpg.jpg,1024,1821,4,787,725,856,818
9e58211514c2c12d42b0110184f25025ac63e6a4c8496df38bb129abdb598e71.jpg.jpg,1024,1365,1,494,861,504,884
9e58211514c2c12d42b0110184f25025ac63e6a4c8496df38bb129abdb598e71.jpg.jpg,1024,1365,5,510,861,526,886
9e58211514c2c12d42b0110184f25025ac63e6a4c8496df38bb129abdb598e71.jpg.jpg,1024,1365,5,519,887,535,912
9e58211514c2c12d42b0110184f25025ac63e6a4c8496df38bb129abdb598e71.jpg.jpg,1024,1365,4,461,890,480,910
9e58211514c2c12d42b0110184f25025ac63e6a4c8496df38bb129abdb598e71.jpg.jpg,1024,1365,4,501,888,518,911
9e58211514c2c12d42b0110184f25025ac63e6a4c8496df38bb129abdb598e71.jpg.jpg,1024,1365,7,481,889,496,910
9e58211514c2c12d42b0110184f25025ac63e6a4c8496df38bb129abdb598e71.jpg.jpg,1024,1365,9,536,887,553,911
9e67e32841b4578001501527ba11f62cf74b09ebd26db22fcd4439f05f4c479d.jpg.jpg,1024,1820,2,439,544,462,610
9e67e32841b4578001501527ba11f62cf74b09ebd26db22fcd4439f05f4c479d.jpg.jpg,1024,1820,1,471,555,484,617
9e67e32841b4578001501527ba11f62cf74b09ebd26db22fcd4439f05f4c479d.jpg.jpg,1024,1820,-,491,584,502,604
9e67e32841b4578001501527ba11f62cf74b09ebd26db22fcd4439f05f4c479d.jpg.jpg,1024,1820,8,502,570,526,632
9e67e32841b4578001501527ba11f62cf74b09ebd26db22fcd4439f05f4c479d.jpg.jpg,1024,1820,7,533,577,555,643
9e67e32841b4578001501527ba11f62cf74b09ebd26db22fcd4439f05f4c479d.jpg.jpg,1024,1820,8,559,592,583,654
9e67e32841b4578001501527ba11f62cf74b09ebd26db22fcd4439f05f4c479d.jpg.jpg,1024,1820,8,589,606,613,668
9e67e32841b4578001501527ba11f62cf74b09ebd26db22fcd4439f05f4c479d.jpg.jpg,1024,1820,9,617,610,644,674
9eddef46db63364716d6304568b2d91fa3b818330eac783e4bdc074197a4353d.jpg.jpg,1024,1820,7,412,862,442,912
9eddef46db63364716d6304568b2d91fa3b818330eac783e4bdc074197a4353d.jpg.jpg,1024,1820,7,616,866,646,916
9eddef46db63364716d6304568b2d91fa3b818330eac783e4bdc074197a4353d.jpg.jpg,1024,1820,0,442,862,475,911
9eddef46db63364716d6304568b2d91fa3b818330eac783e4bdc074197a4353d.jpg.jpg,1024,1820,-,478,882,494,894
9eddef46db63364716d6304568b2d91fa3b818330eac783e4bdc074197a4353d.jpg.jpg,1024,1820,3,493,866,521,912
9eddef46db63364716d6304568b2d91fa3b818330eac783e4bdc074197a4353d.jpg.jpg,1024,1820,3,525,867,553,913
9eddef46db63364716d6304568b2d91fa3b818330eac783e4bdc074197a4353d.jpg.jpg,1024,1820,3,556,867,584,913
9eddef46db63364716d6304568b2d91fa3b818330eac783e4bdc074197a4353d.jpg.jpg,1024,1820,4,588,869,614,919
